M&M,M&M,2:3,07-11-1995,23-01-1996,20-12-1995
Lakshmi Finance,LFIC,1:2,16-11-1996,01-01-1996,18-12-1995
Guj Petrosynth,,3:10,30-11-1996,11-01-1996,18-12-1995
VHEL Industries,VIKASHYB,3:4,18-10-1996,05-01-1996,11-12-1995
Wall Street Fin,,1:2,05-01-1995,09-01-1995,09-12-1995
Sadhana Nitro,,1:2,14-07-1995,22-12-1995,04-12-1995
Bharat Bijlee,BBL,1:1,12-10-1995,27-12-1995,04-12-1995
Shasun Pharma,SHASUNPHAR,1:2,11-07-1995,16-12-1995,04-12-1995
Chetinad Cem,CHETTINAD,1:1,19-10-1995,16-12-1995,04-12-1995
Ratnamani Metal,RATNAMANI,1:2,12-10-1995,19-12-1995,27-11-1995
Ultramarine,ULTRMARINE,1:1,02-08-1995,12-12-1995,17-11-1995
Uniphos Ent,UNIENTER,1:1,09-06-1995,01-12-1995,14-11-1995
Eimco Elecon,EIMCOELECO,1:2,25-08-1995,12-12-1995,13-11-1995
AstraZeneca,ASTRAZEN,1:1,04-10-1995,19-12-1995,13-11-1995
Asian Paints,ASIANPAINT,1:1,18-10-1995,06-12-1995,08-11-1995
Excel,EXCELINDUS,1:2,12-10-1995,16-11-1995,26-10-1995
Alang Marine,,1:1,17-08-1995,-,23-10-1995
Lloyds Finance,LLOYDFIN,1:2,19-10-1995,24-11-1995,23-10-1995
Hind Rectifiers,HIRECT,1:1,27-09-1995,21-11-1995,23-10-1995
Ashapura Mine,ASHAPURMIN,1:1,27-09-1995,27-11-1995,23-10-1995
Trackparts,,2:1,18-10-1995,-,23-10-1995
Coastal Papers,,3:1,27-09-1995,22-11-1995,23-10-1995
John Fowler,,1:1,18-10-1995,01-12-1995,23-10-1995
KPT Industries,,1:1,27-09-1995,30-11-1995,23-10-1995
Cholamandalam,CHOLAHLDNG,1:3,27-09-1995,16-11-1995,23-10-1995
United Motors,,1:1,27-09-1995,10-11-1995,09-10-1995
Sterling Intl,,3:5,28-02-1995,27-10-1995,09-10-1995
Terruzzi Fercal,VULCANENG,1:1,25-05-1995,-,09-10-1995
Dolat Investmen,DOLAT,9:1,12-06-1995,06-12-1995,06-10-1995
Tata Motors,TATAMOTORS,3:5,28-09-1995,01-11-1995,04-10-1995
TML-D,TATAMTRDVR,3:5,28-09-1995,01-11-1995,04-10-1995
NOCIL,NOCIL,1:1,20-06-1995,31-10-1995,04-10-1995
Tata Chemicals,TATACHEM,3:5,19-06-1995,08-11-1995,04-10-1995
Sundram,SUNDRMFAST,1:1,31-05-1995,10-10-1995,25-09-1995
Rasoi,,1:2,21-09-1995,20-10-1995,25-09-1995
Signet Ind,SIGIND,5:2,18-07-1995,08-10-1995,18-09-1995
Kapashi Com,,1:1,11-08-1995,09-10-1995,11-09-1995
Everest Ind,EVERESTIND,1:2,25-05-1995,11-10-1995,11-09-1995
Blue Star,BLUESTARCO,1:1,08-09-1995,04-10-1995,11-09-1995
Delta Magnets,DELTAMAGNT,1:2,06-09-1995,09-10-1995,11-09-1995
Bombay Burmah,BBTC,1:1,14-08-1995,-,11-09-1995
UCAL Fuel,UCALFUEL,1:5,08-09-1995,29-09-1995,11-09-1995
Chemox Sec,,1:1,21-04-1995,09-10-1995,11-09-1995
Greaves Cotton,GREAVESCOT,1:2,12-06-1995,22-09-1995,28-08-1995
Godrej Ind,GODREJIND,1:2,26-07-1995,01-09-1995,31-07-1995
Indal,INDAL,1:2,21-07-1995,01-09-1995,26-07-1995
Goldcrest Fin,GOLCRESFIN,1:2,22-02-1995,12-08-1995,17-07-1995
Goldcrest Corp,,1:2,22-02-1995,12-08-1995,17-07-1995
Sandvik Asia,SANDVIKAS,3:5,21-03-1995,18-07-1995,19-06-1995
Hind Constr,HCC,1:1,12-06-1995,14-07-1995,19-06-1995
Dynamatic Tech,DYNAMATECH,1:3,17-02-1995,12-07-1995,19-06-1995
NIIT,NIITLTD,1:2,16-05-1995,27-06-1995,05-06-1995
GlaxoSmith Con,GSKCONS,1:1,13-03-1995,23-06-1995,31-05-1995
Ruchinfra,RUCHINFRA,1:2,15-05-1995,20-06-1995,22-05-1995
Indo Rama Synth,INDORAMA,1:2,22-03-1995,16-06-1995,22-05-1995
Sree Uma Param,,2:1,20-11-1994,23-12-1994,12-05-1995
HCL Info,HCL-INSYS,1:2,16-02-1995,01-06-1995,05-05-1995
Castrol,CASTROLIND,3:5,13-02-1995,30-05-1995,05-05-1995
Oriental Indust,,3:2,17-04-1995,-,21-04-1995
Metalyst Forgin,METALFORGE,1:1,08-03-1995,18-05-1995,21-04-1995
Salzer Electro,SALZERELEC,1:1,24-03-1995,03-05-1995,03-04-1995
Mideast India,MIDEASTI,1:2,13-03-1995,25-04-1995,03-04-1995
Premier Synth,,1:2,01-03-1995,06-04-1995,10-03-1995
Flex Engg,FLEXENGG,2:1,20-02-1995,29-03-1995,03-03-1995
Niwas Spinning,,1:2,20-03-1995,01-04-1995,03-03-1995
Wipro,WIPRO,1:1,01-02-1995,-,24-02-1995
Anuh Pharma,,3:1,01-12-1994,28-03-1995,24-02-1995
AMJ Land ,AMJLAND,1:1,29-11-1995,16-03-1995,17-02-1995
Beta Napthol,BETANAPTOL,1:2,12-12-1995,15-03-1995,17-02-1995
Banco Products,BANCOINDIA,1:2,05-10-1994,-,09-02-1995
Uma Maheshwari,,2:1,16-12-1995,18-02-1995,08-02-1995
Prakash Ind,PRAKASH,1:2,22-12-1995,07-03-1995,03-02-1995
Parekh Platinum,PAREKHPLAT,1:1,09-08-1995,20-02-1995,27-01-1995
Piramal Holding,PIRAMHELTH,1:1,18-10-1995,21-02-1995,23-01-1995
Indo-National,NIPPOBATRY,1:1,22-11-1995,10-02-1995,13-01-1995
Binani Ind,BINANIIND,2:1,24-10-1995,28-01-1995,13-01-1995
Universal Cable,UNIVCABLES,1:1,19-08-1995,02-02-1995,13-01-1995
Lloyds Metals,LLOYDMETAL,1:1,13-09-1995,13-02-1995,13-01-1995
Otis Elevator,OTIS,1:1,23-11-1995,15-02-1995,13-01-1995
Kedia Distiller,KEDIADIST,1:1,03-01-1995,-,06-01-1995
Polar Ind,POLARIND,1:2,26-10-1994,-,06-01-1995
Ruttonsha Intl,,1:1,26-10-1995,07-02-1995,05-01-1995
GlaxoSmithKline,GLAXO,1:1,28-09-1994,24-01-1995,02-01-1995
Kirloskar Bros,KIRLOSBROS,1:2,10-04-1996,-,23-12-1996
ABB India,ABB,1:3,09-12-1997,01-03-1997,16-12-1996
Asian Hotels,ASIANHOTNR,2:5,12-12-1996,16-01-1997,16-12-1996
Sundaram-Clayto,SUNCLAYLTD,1:1,04-10-1996,08-01-1997,16-12-1996
IBP Company,IBP,1:2,04-12-1997,10-01-1997,16-12-1996
Wheels,WHEELS,1:1,21-08-1996,03-01-1997,11-12-1996
Graviss Hosp,,1:1,04-09-1997,01-01-1997,09-12-1996
Rama Paper Mill,,1:2,17-10-1997,02-01-1997,09-12-1996
FAL Industries,,1:2,09-10-1996,29-12-1996,02-12-1996
Orient Abrasive,ORIENTABRA,1:1,30-10-1996,31-12-1996,02-12-1996
Bharat Hotels,BHARATHOT,1:3,02-09-1996,20-12-1996,25-11-1996
Oriental Hotels,ORIENTHOT,1:2,09-08-1996,18-12-1996,25-11-1996
Industrial Inv,IITL,1:1,25-11-1996,12-12-1996,18-11-1996
Punj Tractors,PUNJABTRAC,1:1,01-11-1996,16-12-1996,18-11-1996
Swaraj Engines,SWARAJENG,1:1,19-08-1996,16-12-1996,18-11-1996
IVP,IVP,1:2,31-10-1996,10-12-1996,10-11-1996
India Sugars,,1:1,25-06-1996,05-12-1996,10-11-1996
Wendt,WENDT,1:1,17-10-1996,04-12-1996,10-11-1996
Intl Diamond,,1:2,31-05-1996,02-12-1996,05-11-1996
Indian Resort,,1:1,26-10-1996,02-12-1996,04-11-1996
Guj NRE Coke,GUJNRECOKE,11:10,27-09-1996,26-11-1996,04-11-1996
Deccan Bearings,,3:2,27-09-1996,26-11-1996,04-11-1996
EIH,EIHOTEL,1:2,28-06-1996,15-12-1996,04-11-1996
Guj NRE (DVR),GUJNREDVR,11:10,27-09-1996,26-11-1996,04-11-1996
Caprihans,CAPRIHANS,2:5,14-10-1996,25-11-1996,04-11-1996
Geekay Exim,GEEKAYEXIM,3:4,14-10-1996,02-12-1996,04-11-1996
Trent,TRENT,1:1,21-09-1996,15-11-1996,22-10-1996
Shriram Inv,SHRIRAMINV,1:2,06-09-1996,16-11-1996,22-10-1996
Hind Everest,,2:5,10-06-1996,07-11-1996,14-10-1996
Raymond,RAYMOND,1:2,04-09-1996,31-10-1996,07-10-1996
Ador Welding,ADORWELD,1:2,22-06-1996,01-11-1996,07-10-1996
Pidilite Ind,PIDILITIND,1:1,01-10-1996,05-11-1996,07-10-1996
Adani Enterpris,ADANIENT,1:1,04-09-1996,01-11-1996,07-10-1996
Blow Plast,BLOWPLAST,1:1,09-09-1996,25-10-1996,30-09-1996
PAE,PAEL,1:2,31-05-1996,24-10-1996,30-09-1996
TorrentPowerSEC,TORRENTSEC,1:5,04-09-1996,28-10-1996,30-09-1996
Chemplast Sanma,CHEMPLAST,2:3,07-06-1996,16-10-1996,23-09-1996
NEPC Agro Foods,NEPCAGRO,1:3,22-06-1996,18-10-1996,23-09-1996
Lancor Holdings,,3:1,24-07-1996,16-10-1996,23-09-1996
Pan India Corp,SRGINFOTEC,1:1,17-07-1996,28-09-1996,09-09-1996
Asian Electroni,ASIANELEC,1:1,06-05-1996,01-10-1996,02-09-1996
Grindwell Norto,GRINDWELL,1:1,07-08-1996,01-10-1996,02-09-1996
Hindalco,HINDALCO,1:2,10-05-1996,27-09-1996,02-09-1996
Engine Valves,ENGINVALVE,1:1,28-06-1996,19-09-1996,19-08-1996
Rollatainers,ROLLT,1:1,04-06-1996,-,09-08-1996
Kennametal,KENNAMET,1:1,19-03-1996,31-08-1996,05-08-1996
Datar Switchgea,DATARSWICH,1:1,15-07-1996,-,22-07-1996
Nestle,NESTLEIND,1:2,23-04-1996,13-08-1996,15-07-1996
Jindal PolyFilm,JINDALPOLY,1:1,13-02-1996,01-08-1996,08-07-1996
Cadbury,CADBURY,3:5,02-04-1996,06-08-1996,08-07-1996
Navneet,NAVNETEDUL,1:2,26-03-1996,23-07-1996,24-06-1996
ACC,ACC,3:5,02-04-1996,06-07-1996,10-06-1996
Aarti Drugs,AARTIDRUGS,1:2,15-01-1996,11-06-1996,13-05-1996
Balrampur Chini,BALRAMCHIN,3:2,01-03-1996,30-05-1996,30-04-1996
Information Tec,ITIL,2:1,26-03-1996,22-05-1996,30-04-1996
Kodak India,INDIAPHOTO,1:2,28-03-1996,10-05-1996,15-04-1996
TPI India,TPINDIA,3:5,11-03-1996,15-04-1996,18-03-1996
Sical Logistics,SICAL,1:1,30-10-1996,01-04-1996,04-03-1996
Taparia Tools,,1:10,29-02-1996,02-04-1996,04-03-1996
Blue Circle Ser,,2:1,12-02-1996,23-03-1996,19-02-1996
Hoganas India,HOGANAS,1:2,13-12-1995,18-03-1996,19-02-1996
KSB Pumps,KSB,1:1,08-02-1996,22-03-1996,19-02-1996
Sudarshan Chem,SUDARSCHEM,1:2,17-01-1996,04-03-1996,05-02-1996
Bank of Madura,BANKMADURA,3:1,11-01-1996,15-02-1996,30-01-1996
Jeypore Sugar,JEYPORE,1:1,09-11-1995,15-12-1995,30-01-1996
Shriram City,SHRIRAMCIT,1:4,02-01-1996,16-02-1996,25-01-1996
Atcom Tech,ATCOM,1:1,17-01-1996,16-02-1996,22-01-1996
India Cements,INDIACEM,1:1,21-12-1996,16-02-1996,22-01-1996
G Claridge,,2:1,04-01-1996,19-02-1996,22-01-1996
Intl Conveyor,,1:1,15-01-1996,19-02-1996,22-01-1996
Duncan Eng,,1:1,29-11-1996,16-02-1996,22-01-1996
Skol Breweries,,1:1,21-08-1996,25-01-1996,08-01-1996
Soundcraft Ind,SOUNDCRAFT,11:1,19-10-1995,18-01-1996,01-01-1996
Federal-Mogul,FMGOETZE,1:2,23-12-1996,01-02-1996,01-01-1996
Autoriders Fin,AUTORIDFIN,1:2,03-07-1996,16-01-1996,01-01-1996
Upper Ganges,UPERGANGES,1:2,11-07-1998,21-01-1998,29-12-1997
Hind Syntex,HINDSYNTEX,1:1,24-11-1998,16-01-1998,22-12-1997
Indian LinkChai,,1:1,05-12-1998,13-01-1998,15-12-1997
Motherson Sumi,MOTHERSUMI,1:2,27-11-1997,24-12-1997,01-12-1997
SAN Engineering,,2:5,03-10-1997,24-12-1997,01-12-1997
Rockland Leasin,,2:5,17-10-1997,22-12-1997,24-11-1997
Aroni Comm,,1:2,16-10-1997,20-12-1997,24-11-1997
P and G,PGHH,1:2,24-09-1997,-,19-11-1997
Reliance,RELIANCE,1:1,13-09-1997,29-11-1997,27-10-1997
Alkyl Amines,ALKYLAMINE,1:1,18-09-1997,26-11-1997,27-10-1997
ICDS,ICDSLTD,1:1,20-10-1997,20-11-1997,27-10-1997
Asahi India,ASAHIINDIA,1:1,04-10-1997,02-12-1997,27-10-1997
Lakshmi Machine,LAXMIMACH,1:1,05-06-1997,-,20-10-1997
Kohinoor Foods,KOHINOOR,2:5,16-10-1997,24-11-1997,20-10-1997
Wipro,WIPRO,2:1,13-09-1997,17-11-1997,20-10-1997
Swasti Vinayaka,,1:2,22-09-1997,18-11-1997,20-10-1997
Hercules Hoists,HERCULES,1:1,13-08-1997,12-11-1997,20-10-1997
Goa Carbon,GOACARBON,1:1,30-09-1997,21-11-1997,20-10-1997
Bajaj Electric,BAJAJELEC,1:2,25-09-1997,06-11-1997,13-10-1997
Nitta Gelatin,KERALACHEM,1:1,02-09-1997,23-10-1997,29-09-1997
Infomedia Press,INFOMEDIA,1:2,20-09-1997,24-10-1997,29-09-1997
Zandu Realty,ZANDUREALT,1:5,18-09-1997,28-10-1997,29-09-1997
Century Laminat,,1:1,29-05-1997,22-10-1997,29-09-1997
Bajaj Holdings,BAJAJHLDNG,1:2,14-08-1997,10-10-1997,15-09-1997
Mah Scooters,MAHSCOOTER,1:1,08-08-1997,08-10-1997,15-09-1997
Century,CENTURYTEX,1:1,06-08-1997,25-09-1997,01-09-1997
Guj Lease Fin,GLFL,1:4,24-07-1997,-,22-08-1997
Infosys,INFY,1:1,18-06-1997,12-09-1997,19-08-1997
AB Nuvo,ABIRLANUVO,1:2,22-07-1997,04-09-1997,04-08-1997
Thomas Cook,THOMASCOOK,2:3,22-07-1997,28-08-1997,04-08-1997
GlaxoSmith Con,GSKCONS,3:5,09-05-1997,22-07-1997,23-06-1997
Soundcraft Ind,SOUNDCRAFT,3:1,08-02-1997,26-03-1997,03-03-1997
Padmini Tech,PADMINPOLY,1:2,31-01-1997,18-03-1997,17-02-1997
Siltap Chemical,SILTAPCHEM,1:2,01-01-1997,10-02-1997,13-01-1997
Mirza Intl,MIRZAINT,1:1,24-12-1997,30-01-1997,06-01-1997
SBandT Intl,SB&TINTL,1:1,30-11-1999,06-01-1999,14-12-1998
Srinivasa Hatch,,1:2,06-11-1999,01-01-1999,07-12-1998
Ranbaxy Labs,RANBAXY,1:1,11-11-1998,16-12-1998,01-12-1998
Dolat Investmen,DOLAT,1:1,17-11-1998,19-12-1998,23-11-1998
Invest and Prec,,1:1,25-09-1998,27-11-1998,02-11-1998
Aurobindo Pharm,AUROPHARMA,1:1,08-10-1998,19-11-1998,26-10-1998
Berger Paints,BERGEPAINT,1:1,07-10-1998,12-11-1998,19-10-1998
Hind Everest,,2:5,06-10-1998,16-11-1998,19-10-1998
JB Chemicals,JBCHEPHARM,1:1,29-08-1998,30-10-1998,05-10-1998
Indo-National,NIPPOBATRY,1:1,03-09-1998,28-10-1998,05-10-1998
Trigyn Tech,TRIGYN,1:1,03-09-1998,22-10-1998,28-09-1998
Munjal Showa,MUNJALSHOW,1:1,11-09-1998,24-10-1998,28-09-1998
BASF,BASF,1:2,17-08-1998,20-10-1998,21-09-1998
Abbott India,ABBOTINDIA,1:1,10-08-1998,20-09-1998,17-08-1998
Jayshree Tea,JAYSREETEA,1:1,09-07-1998,15-09-1998,17-08-1998
Trinity Bio-Tec,,1:10,04-08-1998,15-09-1998,17-08-1998
Hero Motocorp,HEROMOTOCO,1:1,04-08-1998,07-09-1998,10-08-1998
Sanghi Ind,SANGHIIND,2:1,30-07-1998,01-09-1998,03-08-1998
Hind Lever Chem,HINDLEVCHM,1:1,11-06-1998,16-07-1998,22-06-1998
VLS Finance,VLSFINANCE,1:1,08-06-1998,18-07-1998,22-06-1998
Hexaware Tech,HEXAWARE,1:1,10-02-1998,09-07-1998,15-06-1998
SmithKline Phar,SMITHKLPHA,1:1,07-04-1998,07-07-1998,08-06-1998
Parekh Platinum,PAREKHPLAT,1:1,06-04-1998,30-06-1998,01-06-1998
ATN Int,ATNINTER,3:2,27-03-1998,07-05-1998,13-04-1998
Mawana Sugars,MAWANASUG,1:5,04-03-1998,30-04-1998,06-04-1998
Banaras Beads,BANARBEADS,1:10,13-02-1998,01-04-1998,09-03-1998
Chadha Paper,,40:100,12-02-1998,26-03-1998,02-03-1998
Ugar Sugar Work,UGARSUGAR,1:5,06-01-1998,-,19-01-1998
Donear Ind,DONEAR,1:1,02-12-1997,16-02-1998,19-01-1998
SIP Industries,,3:5,07-01-1998,04-02-1998,12-01-1998
Ambuja Cements,AMBUJACEM,1:1,08-10-1999,04-01-2000,20-12-1999
IVRCL,IVRCLINFRA,1:1,15-11-1999,22-12-1999,29-11-1999
Mastek,MASTEK,1:1,29-07-1999,23-12-1999,29-11-1999
Maars Software,MAARSOFTW,1:1,11-11-1999,15-12-1999,22-11-1999
Banco Products,BANCOINDIA,1:1,03-11-1999,15-12-1999,22-11-1999
Khaitan Elec,KHAITANELE,2:5,14-09-1999,10-12-1999,15-11-1999
EngineersInd,ENGINERSIN,2:1,01-12-1999,01-12-1999,07-11-1999
Adani Enterpris,ADANIENT,1:1,01-08-1999,29-11-1999,01-11-1999
Cipla,CIPLA,2:1,07-10-1999,05-11-1999,18-10-1999
HPCL,HINDPETRO,1:2,30-07-1999,29-10-1999,11-10-1999
Britannia,BRITANNIA,1:2,26-05-1999,12-10-1999,27-09-1999
Anuh Pharma,,1:1,03-07-1999,16-10-1999,23-09-1999
IOC,IOC,1:1,17-06-1999,14-10-1999,20-09-1999
Clariant India,CLARIANT,1:2,25-05-1999,11-10-1999,20-09-1999
Himatsingka Sei,HIMATSEIDE,1:1,03-08-1999,01-10-1999,06-09-1999
Archies,ARCHIES,1:1,26-07-1999,15-09-1999,24-08-1999
Pentamedia,PENTSFWARE,1:1,20-07-1999,01-09-1999,16-08-1999
Mahindra Satyam,SATYAMCOMP,1:1,20-07-1999,01-09-1999,16-08-1999
Information Tec,ITIL,1:1,26-07-1999,-,09-08-1999
Finolex Cables,FINCABLES,1:1,26-07-1999,26-08-1999,02-08-1999
Nicco Uco Fin,,1:7,15-07-1999,-,15-07-1999
Balaji Distill,BALAJIDIST,1:1,05-06-1999,-,12-07-1999
VST Tillers,VSTTILLERS,1:2,26-07-1999,-,12-07-1999
Castrol,CASTROLIND,1:1,09-04-1999,01-06-1999,17-05-1999
Soundcraft Ind,SOUNDCRAFT,1:3,26-02-1999,-,26-04-1999
Balaji Ind Corp,BALAJIIND,1:2,05-04-1999,05-05-1999,13-04-1999
PVP Ventures,PVP,1:1,24-02-1999,16-04-1999,22-03-1999
Vatsa Music,VATSMUSC,7:1,08-03-1999,31-03-1999,09-03-1999
NIIT,NIITLTD,1:2,17-02-1999,26-03-1999,27-02-1999
Infosys,INFY,1:1,25-01-1999,05-03-1999,08-02-1999
India Nippon,INDNIPPON,8:5,01-12-1998,-,02-02-1999
Essel Propack,ESSELPACK,3:5,11-12-2000,06-01-2001,26-12-2000
BPCL,BPCL,1:1,28-09-2000,05-01-2001,18-12-2000
Sri Sarita Synt,,1:20,20-10-2000,01-01-2001,18-12-2000
Shreejal Info,,2:1,25-10-2000,27-12-2000,04-12-2000
Siltap Chemical,SILTAPCHEM,1:2,27-07-2000,12-12-2000,27-11-2000
Roofit Ind,ROOFITIND,1:1,28-08-2000,15-12-2000,27-11-2000
Blue Chip,BLUECHIP,2:5,30-09-2000,16-12-2000,20-11-2000
Motherson Sumi,MOTHERSUMI,1:2,21-07-2000,30-11-2000,15-11-2000
Kochi Refin,COCHINREFN,1:1,28-08-2000,01-12-2000,13-11-2000
Tata Comm,TATACOMM,2:1,28-07-2000,-,26-10-2000
Micro Inks,MICRO,1:1,26-07-2000,14-11-2000,26-10-2000
Gufic Bio,GUFICBIO,5:2,04-10-2000,-,19-10-2000
The Hi-Tech Gea,HITECHGEAR,1:1,15-06-2000,31-10-2000,16-10-2000
Luminaire Tech,STRAUSIND,2:1,04-07-2000,25-10-2000,04-10-2000
Hoganas India,HOGANAS,1:2,23-05-2000,18-10-2000,03-10-2000
Gati,GATI,1:2,13-09-2000,-,25-09-2000
Kennametal,KENNAMET,1:1,28-08-2000,04-10-2000,18-09-2000
Electrosteel,ELECTCAST,1:1,25-05-2000,28-09-2000,13-09-2000
Orient Bell,ORIENTBELL,1:1,11-04-2000,26-09-2000,04-09-2000
Hikal,HIKAL,1:1,13-05-2000,-,23-08-2000
Visualsoft,VISUALSOFT,2:1,21-04-2000,-,09-08-2000
Asian Paints,ASIANPAINT,3:5,30-05-2000,-,02-08-2000
Elgi Equipments,ELGIEQUIP,1:1,26-05-2000,-,02-08-2000
Punj Tractors,PUNJABTRAC,2:1,05-06-2000,05-08-2000,24-07-2000
Cadbury,CADBURY,1:2,25-05-2000,04-07-2000,19-06-2000
Pfizer,PFIZER,1:1,25-05-2000,28-06-2000,12-06-2000
Thomas Cook,THOMASCOOK,2:3,16-05-2000,20-06-2000,05-06-2000
Pidilite Ind,PIDILITIND,1:1,27-01-2000,-,05-06-2000
VLS Finance,VLSFINANCE,2:1,11-05-2000,-,11-05-2000
Max Financial,MFSL,1:1,08-04-2000,27-05-2000,08-05-2000
Mascon Global,,3:1,25-04-2000,30-05-2000,08-05-2000
Hexaware Tech,HEXAWARE,1:1,26-04-2000,16-05-2000,02-05-2000
Dolat Investmen,DOLAT,1:1,27-04-2000,18-05-2000,02-05-2000
Khandwala Sec,KHANDSE,1:1,19-01-2000,26-04-2000,03-04-2000
BSEL Infra,BSELINFRA,1:1,28-03-2000,02-05-2000,03-04-2000
Unichem Labs,UNICHEMLAB,1:1,29-03-2000,20-04-2000,03-04-2000
Lakshmi Energy,LAKSHMIEFL,1:1,22-03-2000,25-04-2000,27-03-2000
Sterling Intl,,5:1,11-01-2000,-,22-03-2000
Aurobindo Pharm,AUROPHARMA,1:1,22-02-2000,01-04-2000,07-03-2000
Sun Pharma,SUNPHARMA,2:1,09-02-2000,23-03-2000,06-03-2000
Mirza Intl,MIRZAINT,1:1,21-02-2000,22-03-2000,28-02-2000
Cybertech,CYBERTECH,5:4,15-02-2000,11-03-2000,25-02-2000
JMC Projects,JMCPROJECT,1:2,02-12-2000,22-02-2000,07-02-2000
RSL Ind,,1:1,28-01-2000,16-02-2000,02-02-2000
Jaipan Inds,,1:5,11-08-2000,15-02-2001,24-01-2001
Onward Tech,ONWARDTEC,3:2,03-09-2001,05-12-2001,20-11-2001
Patel Eng,PATELENG,1:2,22-05-2001,30-11-2001,13-11-2001
Washington,,1:2,13-07-2001,28-11-2001,09-11-2001
Amrutanjan Heal,AMRUTANJAN,1:1,11-08-2001,16-11-2001,29-10-2001
Otco Intl,,2:1,13-06-2001,31-10-2001,16-10-2001
Venkys,VENKEYS,1:3,29-05-2001,25-10-2001,10-10-2001
Paramount Comm,PARACABLES,2:5,30-07-2001,05-10-2001,20-09-2001
JJ Exporters,,1:2,11-06-2001,01-10-2001,17-09-2001
Nucleus Softwar,NUCLEUS,1:2,21-08-2001,01-10-2001,17-09-2001
Infomedia Press,INFOMEDIA,1:2,14-06-2001,13-09-2001,29-08-2001
Eonour Tech,,2:1,07-07-2001,19-09-2001,27-08-2001
Asahi India,ASAHIINDIA,1:1,26-05-2001,01-09-2001,14-08-2001
Blue Dart,BLUEDART,1:1,08-05-2001,28-08-2001,13-08-2001
Monsanto India,MONSANTO,1:1,22-05-2001,31-08-2001,13-08-2001
Surana Telecom,SURANAT&P,3:2,09-03-2001,31-08-2001,13-08-2001
Polaris Consult,POLARIS,1:2,21-04-2001,19-07-2001,04-07-2001
Media Matrix,MMWL,2:1,23-04-2001,29-06-2001,18-06-2001
DSP Merrill,,1:1,22-01-2001,-,30-03-2001
Centrum Capital,CENTRUM,2:1,13-12-2000,17-04-2001,27-03-2001
Grauer and Weil,,1:1,23-12-2000,02-04-2001,19-03-2001
IDBI Bank,IDBI,3:5,20-12-2000,26-02-2001,12-02-2001
Geojit Fin,GEOJITFSL,1:1,11-12-2000,01-03-2001,12-02-2001
IDBI Div 95,IDBIMFDIV,3:5,20-12-2000,26-02-2001,12-02-2001
Relaxo Footwear,RELAXO,1:1,23-08-2000,-,09-02-2001
Sun Earth Ceram,SUNEARTH,1:1,25-01-2001,20-02-2001,05-02-2001
Classic Diamond,CLASSIC,1:1,04-07-2002,23-12-2002,19-12-2002
HDFC,HDFC,1:1,17-10-2002,16-12-2002,12-12-2002
India Nippon,INDNIPPON,7:10,28-10-2002,16-12-2002,12-12-2002
Amtek Auto,AMTEKAUTO,1:1,21-08-2002,06-12-2002,04-12-2002
Sadhana Nitro,,2:5,30-07-2002,05-12-2002,03-12-2002
GMM Pfaudler,GMMPFAUDLR,1:2,12-07-2002,04-12-2002,02-12-2002
Vaibhav Global,VAIBHAVGBL,1:1,04-09-2002,02-12-2002,28-11-2002
Linkhouse Ind,,1:1,30-09-2002,18-11-2002,14-11-2002
Valecha Engg,VALECHAENG,1:2,19-08-2002,12-11-2002,08-11-2002
Grauer and Weil,,1:1,21-05-2002,11-11-2002,07-11-2002
Karnataka Bank,KTKBANK,1:1,23-08-2002,29-10-2002,25-10-2002
Machino Plastic,,1:1,01-07-2002,29-10-2002,25-10-2002
Vision Organics,VISIONLTD,1:1,14-08-2002,28-10-2002,24-10-2002
Matra Realty,,1:2,08-07-2002,08-11-2002,21-10-2002
Karur Vysya,KARURVYSYA,1:1,01-04-2002,28-10-2002,21-10-2002
Pentasoft Tech,PENTACOMMU,2:10,16-05-2002,16-10-2002,11-10-2002
Ranbaxy Labs,RANBAXY,3:5,18-07-2002,04-10-2002,01-10-2002
Kokuyo Camlin,KOKUYOCMLN,1:1,17-07-2002,01-10-2002,26-09-2002
Pentamedia,PENTSFWARE,1:10,24-04-2002,27-09-2002,25-09-2002
Doctor Biotech,,1:1,08-07-2002,-,23-09-2002
Arvind Remedies,ARVINDREM,5:2,26-08-2002,-,23-09-2002
Sanwaria Consum,SANWARIA,1:5,21-08-2002,20-09-2002,18-09-2002
ETP Corporation,ETPCORP,1:1,04-07-2002,-,18-09-2002
White Lion Asia,,5:1,06-06-2002,-,17-09-2002
Hindustan Housi,,3:1,31-05-2002,27-09-2002,06-09-2002
Goldiam Inter,GOLDIAM,1:1,04-05-2002,02-09-2002,29-08-2002
Cyient,CYIENT,1:1,24-04-2002,23-08-2002,21-08-2002
TorrentPowerSEC,TORRENTSEC,1:1,15-05-2002,22-08-2002,20-08-2002
Marico,MARICO,1:1,18-04-2002,19-08-2002,14-08-2002
Kaashyap Tech,,4:10,14-03-2002,17-08-2002,13-08-2002
Omax Autos,OMAXAUTO,5:1,31-05-2002,16-08-2002,13-08-2002
T Spirutual,,1:1,11-04-2002,04-07-2002,02-07-2002
Rico Auto,RICOAUTO,1:1,31-01-2002,27-03-2002,13-03-2002
Shiva Cement,,1:2,07-12-2001,12-02-2002,30-01-2002
MPS,MPSLTD,1:1,26-07-2001,18-01-2002,02-01-2002
Rei Agro,REIAGROLTD,1:1,27-10-2003,29-12-2003,26-12-2003
Bilcare,,2:1,22-10-2003,15-12-2003,12-12-2003
P and G,PGHH,1:2,08-09-2003,11-12-2003,10-12-2003
LG Balakrishnan,LGBBROSLTD,1:1,22-10-2003,17-12-2003,09-12-2003
Moser Baer,MOSERBAER,1:1,22-09-2003,28-11-2003,27-11-2003
Opto Circuits,OPTOCIRCUI,1:10,29-06-2002,16-01-2003,14-01-2003
National Flask,,1:1,06-09-2003,01-11-2003,30-10-2003
GG Auto Gears,,2:3,24-07-2003,17-10-2003,16-10-2003
Vishnu Sugar,,3:1,04-07-2003,23-10-2003,06-10-2003
Hikal,HIKAL,1:2,14-07-2003,01-10-2003,29-09-2003
Thermax,THERMAX,2:1,29-05-2003,09-09-2003,08-09-2003
Oracle Fin Serv,OFSS,1:1,01-07-2003,08-09-2003,05-09-2003
Vyapar Ind,,4:1,30-06-2003,-,04-09-2003
Wendt,WENDT,1:1,24-07-2003,05-09-2003,04-09-2003
Grauer and Weil,,1:2,16-06-2003,05-09-2003,04-09-2003
Asian Paints,ASIANPAINT,1:2,28-05-2003,25-08-2003,22-08-2003
IOC,IOC,1:2,06-06-2003,18-08-2003,14-08-2003
Mirc Electronic,MIRCELECTR,1:1,29-05-2003,-,13-08-2003
Solitaire Invt,,7:1,27-05-2003,29-08-2003,12-08-2003
Exide Ind,EXIDEIND,1:1,25-04-2003,-,03-07-2003
MphasiS,MPHASIS,1:1,17-04-2003,03-07-2003,02-07-2003
Orissa Sponge,,1:10,20-03-2003,-,16-06-2003
Guj NRE Coke,GUJNRECOKE,1:2,20-09-2002,30-05-2003,29-05-2003
Guj NRE (DVR),GUJNREDVR,1:2,20-09-2002,30-05-2003,29-05-2003
National Stand,,3:2,26-04-2003,-,26-05-2003
Jayant Agro-Org,JAYAGROGN,1:1,30-01-2003,04-04-2003,31-03-2003
Cosmo Films,COSMOFILMS,1:1,16-01-2003,24-03-2003,20-03-2003
ATN Telefilms,,1:5,05-07-2002,18-03-2003,13-03-2003
Dynacons Sys,DSSL,1:1,23-12-2002,24-02-2003,20-02-2003
Empower India,,9:1,11-12-2002,-,03-02-2003
IndiaNivesh,,1:1,20-11-2002,01-02-2003,14-01-2003
Anand Projects,,4:3,20-11-2002,01-02-2003,14-01-2003
Talbros Auto,TALBROAUTO,5:2,16-11-2004,30-12-2004,29-12-2004
Jetking Info,,1:1,25-08-2004,-,13-12-2004
Federal Bank,FEDERALBNK,2:1,07-06-2004,30-11-2004,29-11-2004
Era Infra Eng,ERAINFRA,1:2,28-08-2004,10-11-2004,09-11-2004
Helios and Mat,HELIOSMATH,1:1,16-08-2004,29-10-2004,28-10-2004
Aro Granite,AROGRANITE,1:2,24-07-2004,29-10-2004,28-10-2004
Venlon Polyeste,VENLONPOLY,8:10,01-07-2004,03-11-2004,27-10-2004
Patel Eng,PATELENG,1:1,16-08-2004,01-11-2004,25-10-2004
UCAL Fuel,UCALFUEL,1:1,19-07-2004,26-10-2004,25-10-2004
Zandu Realty,ZANDUREALT,1:2,04-08-2004,25-10-2004,21-10-2004
Donear Ind,DONEAR,1:1,02-08-2004,21-10-2004,20-10-2004
Opto Circuits,OPTOCIRCUI,3:10,29-06-2004,21-10-2004,20-10-2004
South (I) Paper,SIPAPER,1:1,10-08-2004,27-10-2004,14-10-2004
Jaybharat Text,,31:10,29-06-2004,25-10-2004,12-10-2004
Hindoostan Mill,,1:2,28-06-2004,15-10-2004,01-10-2004
Subros,SUBROS,1:1,28-04-2004,25-09-2004,23-09-2004
Punjab Chemical,PUNJABCHEM,1:1,25-05-2004,-,22-09-2004
Orient Abrasive,ORIENTABRA,1:1,11-06-2004,15-09-2004,14-09-2004
Cholamandalam,CHOLAHLDNG,1:1,09-06-2004,01-09-2004,31-08-2004
Invest and Prec,,1:1,24-04-2004,30-08-2004,27-08-2004
Kotak Mahindra,KOTAKBANK,1:1,25-05-2004,26-08-2004,25-08-2004
Infomedia Press,INFOMEDIA,1:1,25-05-2004,23-08-2004,19-08-2004
Next Mediaworks,NEXTMEDIA,1:4,10-05-2004,18-08-2004,17-08-2004
Kansai Nerolac,KANSAINER,2:3,30-04-2004,16-08-2004,13-08-2004
Tata Steel,TATASTEEL,1:2,07-06-2004,12-08-2004,11-08-2004
Nucleus Softwar,NUCLEUS,1:1,24-04-2004,09-08-2004,06-08-2004
Geometric,GEOMETRIC,1:1,26-04-2004,03-08-2004,02-08-2004
Shanthi Gears,SHANTIGEAR,1:1,24-05-2004,03-08-2004,27-07-2004
JagsonpalPharma,JAGSNPHARM,3:1,30-04-2004,28-07-2004,20-07-2004
Shahi Shipping,,1:1,29-04-2004,15-07-2004,14-07-2004
Infosys,INFY,3:1,13-04-2004,02-07-2004,01-07-2004
Wipro,WIPRO,2:1,16-04-2004,28-06-2004,25-06-2004
BSEL Infra,BSELINFRA,4:5,20-01-2004,10-06-2004,09-06-2004
Gravity India,,1:2,01-03-2004,31-05-2004,28-05-2004
Sun Pharma,SUNPHARMA,1:1,21-04-2004,29-05-2004,27-05-2004
MphasiS,MPHASIS,1:1,08-04-2004,27-05-2004,26-05-2004
Marico,MARICO,1:1,15-03-2004,07-05-2004,06-05-2004
FDC,FDC,1:1,24-02-2004,30-04-2004,29-04-2004
Wockhardt,WOCKPHARMA,1:2,12-02-2004,-,28-04-2004
Guj NRE Coke,GUJNRECOKE,1:2,18-10-2003,21-04-2004,20-04-2004
Guj NRE (DVR),GUJNREDVR,1:2,18-10-2003,21-04-2004,20-04-2004
T Spirutual,,1:1,16-01-2004,08-04-2004,07-04-2004
Emami,EMAMILTD,1:1,05-01-2004,30-03-2004,26-03-2004
Alembic,ALEMBICLTD,2:1,12-02-2004,27-03-2004,25-03-2004
Berger Paints,BERGEPAINT,1:2,30-01-2004,25-03-2004,24-03-2004
Suprajit Eng,SUPRAJIT,1:1,20-01-2004,23-03-2004,16-03-2004
Unichem Labs,UNICHEMLAB,1:1,30-01-2004,24-03-2004,16-03-2004
Jubilant Life,JUBILANT,3:5,03-02-2004,15-03-2004,12-03-2004
Haria Exports,HARIAEXPO,2:5,07-01-2004,11-03-2004,10-03-2004
Xpro India,XPROINDIA,3:10,15-12-2003,27-02-2004,26-02-2004
Soundcraft Ind,SOUNDCRAFT,2:1,05-12-2003,24-02-2004,23-02-2004
Sterlite Ind,STER,1:1,24-12-2003,09-02-2004,06-02-2004
Kabra Extrusion,KABRAEXTRU,1:1,12-11-2003,20-01-2004,19-01-2004
Balkrishna Ind,BALKRISIND,1:1,30-10-2003,12-01-2004,09-01-2004
Jindal Drilling,JINDRILL,1:1,22-10-2003,02-01-2004,01-01-2004
Phoenix Mills,PHOENIXLTD,4:1,01-09-2005,16-12-2005,09-12-2005
Faze Three Exp,FAZETHREE,3:2,13-10-2005,25-11-2005,24-11-2005
Crest Ventures,CREST,1:2,25-07-2005,16-11-2005,14-11-2005
MphasiS,MPHASIS,1:1,11-04-2005,14-11-2005,11-11-2005
Sterling Tools,STERTOOLS,1:1,29-08-2005,11-11-2005,10-11-2005
Cranes Software,CRANESSOFT,1:1,28-06-2005,11-11-2005,02-11-2005
Linkhouse Ind,,1:1,11-07-2005,11-11-2005,02-11-2005
Suryalata Spg,,1:2,20-07-2005,31-10-2005,28-10-2005
Jindal Worldwid,JINDWORLD,3:1,08-09-2005,31-10-2005,28-10-2005
Helios and Mat,HELIOSMATH,1:1,25-07-2005,29-10-2005,27-10-2005
Indo Pacific,,1:1,11-07-2005,07-11-2005,26-10-2005
Zodiac Clothing,ZODIACLOTH,1:1,05-07-2005,25-10-2005,24-10-2005
Gangotri Textil,GANGOTRI,1:1,25-08-2005,31-10-2005,24-10-2005
GP Petroleums,GULFPETRO,3:5,22-08-2005,21-10-2005,20-10-2005
Ashco Niulab,ASHCONIUL,3:1,16-08-2005,21-10-2005,20-10-2005
Kirloskar Bros,KIRLOSBROS,2:1,18-07-2005,18-10-2005,17-10-2005
Himatsingka Sei,HIMATSEIDE,1:1,07-09-2005,21-10-2005,14-10-2005
Pioneer,PIONEEREMB,1:2,24-06-2005,17-10-2005,14-10-2005
Ontrack Systems,,1:2,29-07-2005,21-10-2005,14-10-2005
Liberty Shoes,LIBERTSHOE,1:1,18-07-2005,14-10-2005,13-10-2005
Sanwaria Consum,SANWARIA,1:4,21-07-2005,14-10-2005,13-10-2005
Suryalakshmi Co,SURYALAXMI,1:1,21-06-2005,12-10-2005,10-10-2005
Ultramarine,ULTRMARINE,3:5,02-08-2005,18-10-2005,10-10-2005
Astra Microwave,ASTRAMICRO,1:1,25-07-2005,15-10-2005,07-10-2005
DCM Shriram,DCMSHRIRAM,1:1,17-08-2005,17-10-2005,07-10-2005
Promact Impex,,1:5,23-06-2005,06-10-2005,05-10-2005
Bliss GVS,BLISSGVS,2:5,25-07-2005,01-10-2005,28-09-2005
Metalyst Forgin,METALFORGE,2:1,10-08-2005,24-09-2005,22-09-2005
ITC,ITC,1:2,17-06-2005,28-09-2005,21-09-2005
Grauer and Weil,,1:4,30-06-2005,20-09-2005,19-09-2005
Vardhman Text,VTL,1:2,17-06-2005,16-09-2005,15-09-2005
Orchid Pharma,ORCHIDPHAR,1:2,18-07-2005,17-09-2005,15-09-2005
Hind Rectifiers,HIRECT,1:2,21-06-2005,14-09-2005,13-09-2005
Asahi India,ASAHIINDIA,1:1,24-05-2005,02-09-2005,01-09-2005
M&M,M&M,1:1,14-06-2005,02-09-2005,01-09-2005
ZF Steering Gea,ZFSTEERING,1:1,28-05-2005,31-08-2005,30-08-2005
Indian Hume,INDIANHUME,2:3,27-06-2005,30-08-2005,29-08-2005
Kotak Mahindra,KOTAKBANK,3:2,07-06-2005,26-08-2005,25-08-2005
Goldiam Inter,GOLDIAM,1:1,07-05-2005,26-08-2005,25-08-2005
Vishal Exports,VISHALEXPO,2:1,15-06-2005,26-08-2005,25-08-2005
Aeonian Pub,,3:1,10-06-2005,01-09-2005,25-08-2005
Diana Tea,,3:2,14-07-2005,25-08-2005,24-08-2005
Wipro,WIPRO,1:1,22-04-2005,23-08-2005,22-08-2005
Tata Inv Corp,TATAINVEST,1:2,15-06-2005,23-08-2005,22-08-2005
Balkrishna Ind,BALKRISIND,1:2,16-05-2005,22-08-2005,19-08-2005
Praj Industries,PRAJIND,1:1,17-06-2005,24-08-2005,17-08-2005
Opto Circuits,OPTOCIRCUI,5:10,09-05-2005,17-08-2005,16-08-2005
Swaraj Engines,SWARAJENG,2:1,20-06-2005,16-08-2005,12-08-2005
Havells India,HAVELLS,1:1,12-05-2005,06-08-2005,04-08-2005
Gujarat Apollo,GUJAPOLLO,1:1,05-05-2005,04-08-2005,03-08-2005
Jaybharat Text,,9:1,27-04-2005,12-08-2005,29-07-2005
Swasti Vinayaka,,3:5,27-05-2005,19-07-2005,18-07-2005
KSL & Ind,,2:1,28-04-2005,15-07-2005,14-07-2005
Ugar Sugar Work,UGARSUGAR,3:5,28-03-2005,06-07-2005,29-06-2005
Eltrol,,3:1,28-04-2005,01-07-2005,29-06-2005
Carborundum,CARBORUNIV,1:1,27-04-2005,-,23-06-2005
CORE Education,COREEDUTEC,12:1,19-04-2005,21-06-2005,20-06-2005
Ambuja Cements,AMBUJACEM,1:2,19-04-2005,25-06-2005,20-06-2005
Triveni Engg,TRIVENI,3:2,18-04-2005,-,13-06-2005
Alpha Hi-Tech,,1:6,28-01-2005,05-05-2005,04-05-2005
Amit Intern,,1:2,28-01-2005,29-04-2005,28-04-2005
Vijay Textiles,,2:1,24-02-2005,26-04-2005,25-04-2005
Ruchinfra,RUCHINFRA,3:1,08-03-2005,29-04-2005,21-04-2005
Southern Ispat,SOUISPAT,1:8,25-02-2005,15-04-2005,13-04-2005
Ansal Propertie,ANSALAPI,1:2,25-01-2005,01-04-2005,30-03-2005
Geojit Fin,GEOJITFSL,1:1,30-01-2005,30-03-2005,29-03-2005
The Hi-Tech Gea,HITECHGEAR,1:1,24-01-2005,17-03-2005,16-03-2005
Shivalik Bimeta,,1:1,31-01-2005,22-03-2005,15-03-2005
Sumeet Ind,SUMEETINDS,1:2,24-01-2005,15-03-2005,14-03-2005
Glenmark,GLENMARK,1:1,06-01-2005,-,04-03-2005
TechNVision,,10:1,15-01-2005,14-03-2005,02-03-2005
Motherson Sumi,MOTHERSUMI,1:2,07-01-2005,26-02-2005,24-02-2005
Marsons,,1:2,04-01-2005,23-02-2005,22-02-2005
Geodesic,GEODESIC,1:1,07-01-2005,25-02-2005,18-02-2005
Ircon Internati,IRCON,1:1,26-10-2004,-,18-02-2005
Vyapar Ind,,7:2,16-12-2004,21-02-2005,18-02-2005
Ind Motor Parts,IMPAL,1:1,30-11-2004,18-02-2005,16-02-2005
MM Forgings,MMFL,1:1,13-12-2004,17-02-2005,16-02-2005
Vedanta,VEDL,1:1,17-12-2004,17-02-2005,16-02-2005
Aarti Ind,AARTIIND,2:1,29-12-2004,10-02-2005,09-02-2005
Guj NRE Coke,GUJNRECOKE,1:1,09-11-2004,10-02-2005,09-02-2005
Guj NRE (DVR),GUJNREDVR,1:1,09-11-2004,10-02-2005,09-02-2005
Ipca Labs,IPCALAB,1:1,27-10-2004,31-01-2005,28-01-2005
Aftek,AFTEK,1:2,27-11-2004,28-01-2005,27-01-2005
Matrix Lab,MATRIXLABS,1:1,26-10-2004,20-01-2005,13-01-2005
HSIL,HSIL,2:3,28-10-2004,06-01-2005,05-01-2005
Hazoor,,1:1,05-10-2006,-,28-12-2006
CG Power ,CGPOWER,2:5,14-10-2006,15-12-2006,14-12-2006
Brady and Morri,,1:1,23-09-2006,15-12-2006,14-12-2006
Hind Dorr-Olive,HINDDORROL,1:5,01-06-2006,24-11-2006,23-11-2006
Tera Software,TERASOFT,1:4,28-08-2006,-,23-11-2006
Arshiya,ARSHIYA,3:2,16-09-2006,21-11-2006,20-11-2006
Lakshmi Vilas,LAKSHVILAS,1:2,06-07-2006,24-11-2006,17-11-2006
Minal Ind,,19:5,01-08-2005,15-11-2006,14-11-2006
Supreme Ind,SUPREMEIND,1:1,01-08-2006,14-11-2006,13-11-2006
Maha ShreeUmaid,,1:1,31-07-2006,10-11-2006,09-11-2006
Sukhjit Starch,,1:1,20-07-2006,-,08-11-2006
Mah Corporation,,5:3,14-08-2006,06-11-2006,03-11-2006
Jeet Machine,,7:1,04-09-2006,15-11-2006,02-11-2006
Subway Finance ,,7:2,04-07-2006,15-11-2006,02-11-2006
JagranPrakashan,JAGRAN,1:5,29-07-2006,03-11-2006,02-11-2006
Opto Circuits,OPTOCIRCUI,1:1,13-06-2006,31-10-2006,30-10-2006
ONGC,ONGC,1:2,26-07-2006,30-10-2006,27-10-2006
Tricom India,TRICOM,1:1,21-06-2006,27-10-2006,26-10-2006
Siyaram Silk,SIYSIL,1:2,12-06-2006,20-10-2006,19-10-2006
Vishnu Sugar,,1:1,31-07-2006,27-10-2006,13-10-2006
AVT Natural,AVTNPL,1:1,29-07-2006,13-10-2006,12-10-2006
Berger Paints,BERGEPAINT,3:5,06-06-2006,13-10-2006,12-10-2006
Mahindra Satyam,SATYAMCOMP,1:1,21-04-2006,10-10-2006,09-10-2006
Larsen,LT,1:1,07-06-2006,29-09-2006,28-09-2006
Guj NRE Coke,GUJNRECOKE,1:1,03-06-2006,29-09-2006,28-09-2006
Guj NRE (DVR),GUJNREDVR,1:1,03-06-2006,29-09-2006,28-09-2006
Jay BharatMarut,JAYBARMARU,1:1,01-08-2006,26-09-2006,25-09-2006
La Opala RG,LAOPALA,1:1,02-08-2006,26-09-2006,25-09-2006
Swasti Vinayaka,,1:2,29-07-2006,26-09-2006,25-09-2006
Alps Industries,ALPSINDUS,1:1,29-04-2006,-,22-09-2006
NCC,NCC,1:1,29-05-2006,21-09-2006,20-09-2006
Hercules Hoists,HERCULES,1:1,31-05-2006,15-09-2006,14-09-2006
JTEKT India ,JTEKTINDIA,1:1,20-04-2006,15-09-2006,14-09-2006
EIH,EIHOTEL,1:2,31-05-2006,19-09-2006,12-09-2006
Cheviot Company,,1:2,19-06-2006,12-09-2006,11-09-2006
KS Oils,KSOILS,1:1,29-04-2006,11-09-2006,08-09-2006
Bhagyanagar Ind,BHAGYANGR,1:1,13-06-2006,08-09-2006,07-09-2006
NESCO,NESCO,1:1,12-06-2006,05-09-2006,04-09-2006
Cadila Health,CADILAHC,1:1,28-04-2006,31-08-2006,30-08-2006
Dr Reddys Labs,DRREDDY,1:1,31-05-2006,29-08-2006,28-08-2006
Invest and Prec,,3:1,02-05-2006,25-08-2006,24-08-2006
Precision Elec,,3:2,26-06-2006,22-08-2006,21-08-2006
CORE Education,COREEDUTEC,2:1,07-06-2006,18-08-2006,17-08-2006
Banswara Syntex,BANSWRAS,1:2,11-05-2006,18-08-2006,17-08-2006
Lupin,LUPIN,1:1,17-05-2006,14-08-2006,11-08-2006
Prism Info,,2:1,06-06-2006,21-08-2006,09-08-2006
Anuh Pharma,,1:1,29-04-2006,07-08-2006,31-07-2006
TCS,TCS,1:1,17-04-2006,31-07-2006,28-07-2006
Cyient,CYIENT,1:2,19-04-2006,04-08-2006,28-07-2006
UB Holdings,UBHOLDINGS,1:1,28-04-2006,31-07-2006,28-07-2006
Havells India,HAVELLS,1:1,18-05-2006,21-07-2006,20-07-2006
Karur Vysya,KARURVYSYA,1:1,25-05-2006,-,19-07-2006
Infosys,INFY,1:1,14-04-2006,14-07-2006,13-07-2006
AB Money,BIRLAMONEY,1:1,03-05-2006,-,12-07-2006
Jaybharat Text,,15:10,04-05-2006,07-07-2006,06-07-2006
KSL & Ind,,1:5,02-05-2006,08-07-2006,06-07-2006
Atlas Copco,ATLASCOPCO,1:1,28-04-2006,27-06-2006,26-06-2006
ILandFS,IVC,1:2,04-04-2006,27-06-2006,23-06-2006
Unitech,UNITECH,12:1,12-05-2006,30-06-2006,23-06-2006
Grindwell Norto,GRINDWELL,1:1,06-03-2006,02-06-2006,26-05-2006
National Perox,NATPEROXID,3:2,22-02-2006,02-06-2006,26-05-2006
Sterlite Ind,STER,1:1,10-02-2006,12-05-2006,05-05-2006
Cipla,CIPLA,3:2,11-02-2006,25-04-2006,24-04-2006
Jayant Agro-Org,JAYAGROGN,1:1,03-03-2006,17-04-2006,13-04-2006
Kalpataru Power,KALPATPOWR,1:1,31-03-2006,17-04-2006,13-04-2006
Mastek,MASTEK,1:1,12-01-2006,28-03-2006,27-03-2006
The Investment ,THEINVEST,1:1,31-01-2006,22-03-2006,21-03-2006
Shree Ram Urban,,1:5,09-02-2006,31-03-2006,17-03-2006
GSL Nova Petro,GSLNOVA,1:1,30-01-2006,20-03-2006,17-03-2006
Marathon Realty,MARATHON,4:1,15-02-2006,29-03-2006,16-03-2006
Torrent Pharma,TORNTPHARM,1:1,15-12-2005,27-02-2006,20-02-2006
VIP Clothing,VIPCLOTHNG,3:4,27-12-2005,23-02-2006,16-02-2006
Shah Alloys,SHAHALLOYS,1:1,13-09-2005,14-02-2006,13-02-2006
Mercator,MERCATOR,3:2,20-12-2005,03-02-2006,02-02-2006
KLG Systel,KLGSYSTEL,1:1,12-12-2005,30-01-2006,27-01-2006
Donear Ind,DONEAR,1:1,05-12-2005,03-02-2006,27-01-2006
Dabur India,DABUR,1:1,24-10-2005,20-01-2006,19-01-2006
Ganesh Housing,GANESHHOUC,2:1,27-10-2005,20-01-2006,19-01-2006
United Western,UNIWESTBNK,1:5,29-08-2005,-,17-01-2006
Netlink Sol,,2:1,07-10-2005,20-01-2006,13-01-2006
Subex,SUBEX,1:1,28-10-2005,06-01-2006,05-01-2006
Kanoria Chem,KANORICHEM,1:2,29-10-2007,07-01-2008,31-12-2007
Rasi Electrodes,,2:5,25-07-2007,20-12-2007,19-12-2007
Mediaone Global,,5:1,14-08-2007,24-12-2007,12-12-2007
Ushdev Intl,USHDEVINT,1:1,15-10-2007,06-12-2007,05-12-2007
Vinati Organics,VINATIORGA,1:2,31-07-2007,23-11-2007,22-11-2007
Harita Seating,HARITASEAT,1:1,28-07-2007,16-11-2007,15-11-2007
Axon Finance,,3:1,01-09-2007,16-11-2007,15-11-2007
DMC Education,,1:1,14-05-2007,13-11-2007,12-11-2007
CNI Research,,1:2,02-11-2006,15-01-2007,08-01-2007
Parenteral Drug,PDPL,1:1,04-09-2007,05-11-2007,02-11-2007
BAMPSL Sec,,2:5,30-06-2007,05-11-2007,02-11-2007
Dolat Investmen,DOLAT,1:1,21-07-2007,30-10-2007,29-10-2007
Opto Circuits,OPTOCIRCUI,1:2,29-06-2007,26-10-2007,25-10-2007
Kirloskar Ind,KIRLOSIND,1:1,19-07-2007,27-10-2007,25-10-2007
JBM Auto,JBMA,1:2,28-07-2007,25-10-2007,24-10-2007
Ashapura Mine,ASHAPURMIN,1:1,27-06-2007,19-10-2007,18-10-2007
TV 18,TV-18,1:1,05-07-2007,18-10-2007,17-10-2007
Kernex Micro,KERNEX,1:10,29-06-2007,17-10-2007,16-10-2007
Marathon Realty,MARATHON,2:1,29-06-2007,15-10-2007,12-10-2007
Elecon Eng,ELECON,2:1,15-06-2007,11-10-2007,10-10-2007
Jai Corp,JAICORPLTD,1:1,09-08-2007,12-10-2007,05-10-2007
Valecha Engg,VALECHAENG,1:2,30-07-2007,05-10-2007,04-10-2007
Modern Dairies,,1:1,23-07-2007,01-10-2007,28-09-2007
Modern Steels,,3:2,24-07-2007,01-10-2007,28-09-2007
Suraj,,2:1,26-06-2007,17-09-2007,14-09-2007
Jaybharat Text,,1:1,23-07-2007,04-09-2007,03-09-2007
Proseed India,PROSEED,1:1,28-05-2007,03-09-2007,31-08-2007
Unitech,UNITECH,1:1,28-05-2007,31-08-2007,30-08-2007
Motherson Sumi,MOTHERSUMI,1:2,26-05-2007,31-08-2007,30-08-2007
NIIT Tech,NIITTECH,1:2,23-05-2007,31-08-2007,30-08-2007
Banco Products,BANCOINDIA,1:1,28-06-2007,31-08-2007,30-08-2007
Bajaj Electric,BAJAJELEC,1:1,29-05-2007,29-08-2007,28-08-2007
3i Infotech,3IINFOTECH,1:1,25-04-2007,28-08-2007,27-08-2007
NIIT,NIITLTD,1:2,05-06-2007,31-08-2007,24-08-2007
Jetking Info,,1:1,20-06-2007,23-08-2007,22-08-2007
Geodesic,GEODESIC,1:2,18-06-2007,21-08-2007,17-08-2007
Matra Realty,,5:1,10-06-2007,27-08-2007,17-08-2007
Bk Of Rajasthan,BANKRAJAS,1:4,12-05-2007,-,16-08-2007
Nucleus Softwar,NUCLEUS,1:1,30-04-2007,06-08-2007,03-08-2007
Gateway Distri,GDL,1:4,30-04-2007,03-08-2007,02-08-2007
Sun TV Network,SUNTV,1:1,24-04-2007,-,23-07-2007
Praj Industries,PRAJIND,1:1,18-04-2007,-,18-07-2007
Gemini Comm,GEMINI,1:1,29-01-2007,18-07-2007,17-07-2007
Moser Baer,MOSERBAER,1:2,01-05-2007,18-07-2007,17-07-2007
Bharat Seats,,1:1,13-04-2007,05-07-2007,28-06-2007
Bosch Chassis,BOSCHCHASY,1:1,20-02-2007,07-06-2007,06-06-2007
BHEL,BHEL,1:1,25-01-2007,01-06-2007,31-05-2007
APL Apollo,APLAPOLLO,1:1,10-01-2007,26-05-2007,24-05-2007
Sumeet Ind,SUMEETINDS,1:10,05-03-2007,27-04-2007,26-04-2007
Karuturi Global,KGL,1:1,01-03-2007,25-04-2007,24-04-2007
Ansal Propertie,ANSALAPI,1:1,12-02-2007,24-04-2007,23-04-2007
Mahalaxmi Rub,,1:4,23-11-2006,24-04-2007,23-04-2007
NR Intl,,1:1,01-02-2007,20-04-2007,19-04-2007
Remi Process,,3:1,01-02-2007,28-04-2007,16-04-2007
Suven Life Sci,SUVEN,1:1,29-01-2007,02-04-2007,23-03-2007
Responsive Ind,RESPONIND,3:1,29-01-2007,05-04-2007,22-03-2007
Gujarat Apollo,GUJAPOLLO,1:2,30-01-2007,23-03-2007,22-03-2007
Bombay SwadShar,,1:3,20-11-2006,28-03-2007,20-03-2007
HCL Tech,HCLTECH,1:1,14-12-2006,16-03-2007,15-03-2007
Gujarat Metal,,2:1,19-10-2006,19-03-2007,15-03-2007
Manappuram Fin,MANAPPURAM,1:1,15-01-2007,15-03-2007,14-03-2007
Vipul,VIPULLTD,1:1,27-09-2006,22-03-2007,08-03-2007
Alchemist,ALCHEM,1:1,16-10-2006,09-03-2007,08-03-2007
Balaji Amines,BALAMINES,1:1,23-10-2006,06-03-2007,05-03-2007
Shri Baj Alloys,,2:1,09-12-2006,02-02-2007,01-02-2007
Dabur India,DABUR,1:2,31-10-2006,29-01-2007,25-01-2007
Zandu Realty,ZANDUREALT,1:3,24-11-2006,20-01-2007,18-01-2007
Nandan Denim,NDL,1:1,31-10-2006,19-01-2007,18-01-2007
Savita Oil Tech,SOTL,2:3,21-08-2006,18-01-2007,17-01-2007
Pondy Oxides,PONDYOXIDE,1:10,28-11-2006,20-01-2007,15-01-2007
Orient Bell,ORIENTBELL,5:4,28-11-2006,16-01-2007,15-01-2007
Dolphin Offshor,DOLPHINOFF,3:5,31-10-2006,12-01-2007,11-01-2007
Apar Ind,APARINDS,1:3,27-10-2006,12-01-2007,11-01-2007
Gupta Synthetic,,2:1,18-10-2006,08-01-2007,05-01-2007
Birlasoft,BSOFT,1:1,08-11-2006,11-01-2007,04-01-2007
Sundram,SUNDRMFAST,1:1,23-08-2006,05-01-2007,04-01-2007
Exdon Trading,,2:1,18-08-2008,12-01-2009,31-12-2008
Compucom Soft,COMPUSOFT,1:1,31-10-2008,26-12-2008,24-12-2008
Gujarat Apollo,GUJAPOLLO,1:2,23-08-2008,22-12-2008,19-12-2008
Sanraa Media,,1:1,31-10-2008,17-12-2008,16-12-2008
Westlife Dev,WESTLIFE,79:1,06-10-2008,11-12-2008,10-12-2008
Super Tannery,,1:1,31-07-2008,08-12-2008,05-12-2008
Frontline Sol,,1:1,04-09-2008,19-12-2008,05-12-2008
Veer Energy,,9:5,09-11-2007,29-03-2008,17-03-2008
BAMPSL Sec,,2:5,30-06-2008,11-11-2008,10-11-2008
FEL,FELDVR,1:10,24-07-2008,-,05-11-2008
Future Ent,FEL,1:10,24-07-2008,-,05-11-2008
Opto Circuits,OPTOCIRCUI,7:10,27-05-2008,04-11-2008,03-11-2008
Remi Edelstahl,,1:1,30-06-2008,04-11-2008,03-11-2008
Shipping Corp,SCI,1:2,26-07-2008,31-10-2008,29-10-2008
UPL,UPL,1:1,24-07-2008,31-10-2008,29-10-2008
Guj NRE Coke,GUJNRECOKE,2:5,18-07-2008,20-10-2008,17-10-2008
Guj NRE (DVR),GUJNREDVR,2:5,18-07-2008,20-10-2008,17-10-2008
Guj Mineral,GMDCLTD,1:1,30-01-2008,17-10-2008,16-10-2008
South Ind Bk,SOUTHBANK,1:4,28-06-2008,17-10-2008,16-10-2008
Amara Raja Batt,AMARAJABAT,1:2,24-06-2008,15-10-2008,14-10-2008
Hind Rectifiers,HIRECT,1:1,24-06-2008,07-10-2008,06-10-2008
GAIL,GAIL,1:2,23-06-2008,07-10-2008,06-10-2008
Larsen,LT,1:1,29-05-2008,03-10-2008,01-10-2008
Ramco Cements,RAMCOCEM,1:1,30-06-2008,10-10-2008,01-10-2008
Valecha Engg,VALECHAENG,1:2,30-07-2008,03-10-2008,01-10-2008
Gloster,,1:1,28-06-2008,01-10-2008,29-09-2008
Jolly Board,,4:1,28-06-2008,01-10-2008,29-09-2008
Aro Granite,AROGRANITE,1:2,09-05-2008,30-09-2008,26-09-2008
Bliss GVS,BLISSGVS,3:5,29-07-2008,30-09-2008,26-09-2008
MM Forgings,MMFL,1:1,25-07-2008,30-09-2008,26-09-2008
Sanwaria Consum,SANWARIA,1:1,08-08-2008,30-09-2008,26-09-2008
Jetking Info,,1:2,30-06-2008,26-09-2008,25-09-2008
Kamanwala,,1:1,27-05-2008,22-09-2008,19-09-2008
Bk Of Rajasthan,BANKRAJAS,1:5,31-05-2008,20-09-2008,18-09-2008
Biocon,BIOCON,1:1,22-04-2008,12-09-2008,11-09-2008
JM Financial,JMFINANCIL,3:2,28-05-2008,15-09-2008,08-09-2008
Sundaram Fin,SUNDARMFIN,1:1,27-05-2008,25-08-2008,22-08-2008
HDIL,HDIL,2:7,21-05-2008,22-08-2008,21-08-2008
Kaashyap Tech,,1:6,09-05-2008,14-08-2008,13-08-2008
Vedanta,VEDL,1:1,28-04-2008,18-08-2008,08-08-2008
Thakkars Dev,,1:1,08-03-2008,18-08-2008,06-08-2008
ILandFS,IVC,1:2,01-04-2008,29-07-2008,28-07-2008
Kanani Ind,KANANIIND,1:1,11-06-2008,07-08-2008,24-07-2008
ELF Trading,,3:1,02-05-2008,04-07-2008,20-06-2008
Reliance Power,RPOWER,3:5,24-02-2008,-,30-05-2008
NMDC,NMDC,2:1,27-12-2007,22-05-2008,21-05-2008
CG Impex,,1:2,04-03-2008,16-05-2008,15-05-2008
Swasti Vinayaka,,1:3,21-01-2008,16-05-2008,15-05-2008
AshirwadCapital,,3:5,21-01-2008,16-05-2008,15-05-2008
Container Corp,CONCOR,1:1,30-01-2008,17-04-2008,16-04-2008
Special Papers,,1:1,14-03-2008,16-04-2008,15-04-2008
STC India,STCINDIA,1:1,31-10-2007,24-03-2008,19-03-2008
BLS Infotech,,3:8,09-01-2008,18-03-2008,17-03-2008
Siemens,SIEMENS,1:1,22-11-2007,03-03-2008,29-02-2008
Parle  Indus,,3:1,30-11-2007,-,28-02-2008
Walchandnagar,WALCHANNAG,1:1,25-11-2007,03-03-2008,25-02-2008
Ashiana Housing,ASHIANA,5:2,29-10-2007,22-02-2008,21-02-2008
Alchemist Real,,1:1,13-12-2007,07-02-2008,06-02-2008
Rajesh Exports,RAJESHEXPO,2:1,22-10-2007,05-02-2008,29-01-2008
Rolta,ROLTA,1:1,22-10-2007,25-01-2008,24-01-2008
Satra Prop,,2:1,12-11-2007,25-01-2008,24-01-2008
Bheema Cements,,7:4,30-11-2007,31-01-2008,17-01-2008
Anjani Synth,,1:1,23-10-2007,11-01-2008,10-01-2008
Brady and Morri,,1:2,27-09-2007,04-01-2008,03-01-2008
Freshtrop Fruit,,1:1,03-09-2007,04-01-2008,03-01-2008
WH Brady,,1:2,27-09-2007,04-01-2008,03-01-2008
Websol Energy,WEBELSOLAR,1:1,31-10-2009,30-12-2009,29-12-2009
Luharuka Media ,,3:1,17-11-2009,24-12-2009,23-12-2009
CNI Research,,1:1,31-10-2009,18-12-2009,17-12-2009
Jaiprakash Asso,JPASSOCIAT,1:2,21-10-2009,18-12-2009,17-12-2009
Diamond Power,DIAPOWER,1:3,06-03-2009,17-12-2009,16-12-2009
Signet Ind,SIGIND,2:1,22-10-2009,14-12-2009,11-12-2009
Adani Enterpris,ADANIENT,1:1,30-10-2009,11-12-2009,10-12-2009
Intl Conveyor,,1:1,21-10-2009,11-12-2009,10-12-2009
Valson Ind,,1:1,15-10-2009,08-12-2009,07-12-2009
Reliance,RELIANCE,1:1,07-10-2009,27-11-2009,26-11-2009
IOC,IOC,1:1,13-09-2009,30-10-2009,29-10-2009
Modi Naturals,,1:1,02-09-2009,26-10-2009,14-10-2009
Swelect Energy,SWELECTES,1:1,22-08-2009,15-10-2009,14-10-2009
Sundaram-Clayto,SUNCLAYLTD,1:1,26-08-2009,12-10-2009,09-10-2009
Shree Nath Comm,,3:1,22-08-2009,08-10-2009,07-10-2009
Falcon Tyres,FALCONTYRE,2:1,30-07-2009,29-09-2009,25-09-2009
Jaybharat Text,,1:2,21-07-2009,17-09-2009,16-09-2009
Ramcoind,RAMCOIND,1:1,23-07-2009,15-09-2009,14-09-2009
Jindal Steel,JINDALSTEL,5:1,29-07-2009,-,14-09-2009
Hiran Orgochem,,4:1,27-07-2009,12-09-2009,10-09-2009
Navneet,NAVNETEDUL,3:2,31-07-2009,09-09-2009,08-09-2009
Country Condos,COUNCODOS,2:1,15-07-2009,07-09-2009,04-09-2009
Tilaknagar Ind,TI,2:1,24-07-2009,03-09-2009,02-09-2009
GEE,,1:5,20-07-2008,09-01-2009,07-01-2009
Linkson Intl,,2:1,08-05-2009,-,21-08-2009
Glodyne Techno,GLODYNE,1:1,30-06-2009,-,20-08-2009
Kanani Ind,KANANIIND,2:1,25-06-2009,-,20-08-2009
Orient Abrasive,ORIENTABRA,1:1,23-06-2009,13-08-2009,12-08-2009
Coral Hub,CORAL-HUB,1:2,23-06-2009,07-08-2009,06-08-2009
Munoth Capital,,7:2,08-06-2009,06-08-2009,05-08-2009
Avance Tech,,4:1,27-06-2009,08-08-2009,03-08-2009
TRF,TRF,1:1,16-06-2009,03-08-2009,31-07-2009
Divis Labs,DIVISLAB,1:1,06-06-2009,01-08-2009,30-07-2009
Veer Energy,,1:2,01-06-2009,-,29-07-2009
Ind Tra Deco,INDTRADECO,2:3,06-06-2009,28-07-2009,27-07-2009
Anus Labs,,1:1,03-06-2009,27-07-2009,24-07-2009
Transcorp Intl,,1:2,09-05-2009,-,02-07-2009
Dolphin Offshor,DOLPHINOFF,2:5,14-05-2009,-,29-06-2009
Indiaco Venture,,1:1,30-04-2009,26-06-2009,19-06-2009
TCS,TCS,1:1,20-04-2009,17-06-2009,16-06-2009
PI Industries,PIIND,1:1,13-06-2008,08-04-2009,25-03-2009
Remi Elektrotec,,1:1,29-12-2008,16-03-2009,04-03-2009
Transoceanic,,20:1,20-10-2008,10-02-2009,29-01-2009
Simplex Trading,,4:1,18-08-2008,06-01-2009,05-01-2009
Selan Explore,SELAN,1:10,22-11-2010,03-01-2011,31-12-2010
Astra Microwave,ASTRAMICRO,1:2,10-11-2010,31-12-2010,30-12-2010
Powersoft Glob,,1:1,04-11-2010,28-12-2010,27-12-2010
Chartered Logis,,1:1,05-11-2010,27-12-2010,24-12-2010
Polyplex Corp,POLYPLEX,1:1,04-11-2010,25-12-2010,23-12-2010
Elgi Equipments,ELGIEQUIP,1:1,28-10-2010,-,14-12-2010
Apis India,,323:100,21-09-2010,17-12-2010,10-12-2010
Shiva Cement,,1:10,30-10-2010,11-12-2010,09-12-2010
The Hi-Tech Gea,HITECHGEAR,1:1,27-10-2010,02-12-2010,01-12-2010
Sri Ganapathy,,1:1,23-08-2010,27-11-2010,25-11-2010
Santowin Corp,,3:2,15-10-2010,07-12-2010,25-11-2010
Signet Ind,SIGIND,5:1,14-10-2010,19-11-2010,18-11-2010
Zee Entertain,ZEEL,1:1,23-09-2010,12-11-2010,11-11-2010
Anuh Pharma,,2:1,06-08-2010,29-10-2010,28-10-2010
Savera Ind,SAVERA,1:1,31-08-2010,26-10-2010,25-10-2010
Jindal PolyFilm,JINDALPOLY,1:1,03-09-2010,25-10-2010,22-10-2010
Birla Power Sol,BIRLAPOWER,1:5,30-08-2010,21-10-2010,20-10-2010
Compucom Soft,COMPUSOFT,1:2,31-07-2010,20-10-2010,19-10-2010
Indsil Hydro,,2:3,23-08-2010,18-10-2010,15-10-2010
Havells India,HAVELLS,1:1,27-08-2010,11-10-2010,08-10-2010
Gold Rock Inves,,2:1,06-09-2010,13-10-2010,05-10-2010
Baba Arts,,1:1,13-08-2010,01-10-2010,29-09-2010
Birla Cotsyn,BIRLACOT,1:5,10-08-2010,01-10-2010,29-09-2010
BL Kashyap,BLKASHYAP,1:1,07-08-2010,01-10-2010,29-09-2010
Tilaknagar Ind,TI,2:1,07-08-2010,30-09-2010,28-09-2010
Tirupati Sarjan,,1:1,05-08-2010,29-09-2010,28-09-2010
Info Edge,NAUKRI,1:1,12-08-2010,28-09-2010,27-09-2010
Tulive Develop,,4:1,21-08-2010,08-10-2010,24-09-2010
Arihant Capital,,3:5,31-07-2010,24-09-2010,23-09-2010
Karur Vysya,KARURVYSYA,2:5,07-09-2010,18-09-2010,16-09-2010
Resurgere Mines,RMMIL,2:1,27-07-2010,-,15-09-2010
Gillanders Arbu,GILLANDERS,1:2,30-07-2010,15-09-2010,14-09-2010
Parenteral Drug,PDPL,1:3,02-09-2010,-,13-09-2010
TVS Motor,TVSMOTOR,1:1,21-07-2010,09-09-2010,08-09-2010
Bajaj Auto,BAJAJ-AUTO,1:1,22-07-2010,10-09-2010,08-09-2010
Dabur India,DABUR,1:1,26-07-2010,10-09-2010,08-09-2010
Kabra Extrusion,KABRAEXTRU,1:1,26-07-2010,07-09-2010,06-09-2010
South (I) Paper,SIPAPER,1:1,29-07-2010,-,06-09-2010
NRB Bearings,NRBBEARING,1:1,01-06-2010,06-09-2010,03-09-2010
Cera Sanitary,CERA,1:1,16-07-2010,03-09-2010,02-09-2010
Ganon Products ,,2:1,02-08-2010,-,02-09-2010
Anukaran Commer,,5:1,13-07-2010,28-08-2010,26-08-2010
Zodiac Clothing,ZODIACLOTH,1:2,06-07-2010,24-08-2010,23-08-2010
Aegis Logistics,AEGISCHEM,2:3,07-07-2010,20-08-2010,18-08-2010
Zenith Birla,ZENITHBIR,1:5,24-06-2010,12-08-2010,11-08-2010
Hind Constr,HCC,1:1,30-07-2010,11-08-2010,10-08-2010
Edelweiss,EDELWEISS,1:1,24-06-2010,11-08-2010,10-08-2010
Setco Auto,SETCO,1:1,28-06-2010,-,05-08-2010
ITC,ITC,1:1,18-06-2010,04-08-2010,03-08-2010
MMTC Ltd,MMTC,1:1,29-06-2010,30-07-2010,29-07-2010
Span Diagnostic,,1:1,05-06-2010,28-07-2010,27-07-2010
eClerx Services,ECLERX,1:2,07-06-2010,26-07-2010,23-07-2010
Zensar Tech,ZENSARTECH,1:1,31-05-2010,-,21-07-2010
NESCO,NESCO,1:1,29-05-2010,21-07-2010,20-07-2010
Krishna Venture,,5:1,29-05-2010,-,09-07-2010
PI Industries,PIIND,1:2,17-05-2010,-,08-07-2010
EICL,,5:4,18-05-2010,-,07-07-2010
Marathon Realty,MARATHON,1:2,31-05-2010,07-07-2010,06-07-2010
Triton Valves,,2:1,14-05-2010,06-07-2010,05-07-2010
Orbit Corp,ORBITCORP,1:1,10-05-2010,30-06-2010,29-06-2010
Kansai Nerolac,KANSAINER,1:1,03-05-2010,24-06-2010,23-06-2010
RS Software,RSSOFTWARE,28:100,26-04-2010,22-06-2010,21-06-2010
Panoramic Uni,PANORAMUNI,5:1,29-04-2010,22-06-2010,21-06-2010
Sterlite Ind,STER,1:1,26-04-2010,22-06-2010,21-06-2010
Maithan Alloys,MAITHANALL,1:2,28-04-2010,19-06-2010,17-06-2010
Kwality,KWALITY,5:7,19-04-2010,16-06-2010,15-06-2010
Wipro,WIPRO,2:3,23-04-2010,16-06-2010,15-06-2010
Cyient,CYIENT,1:1,21-04-2010,12-06-2010,10-06-2010
Rallis India,RALLIS,1:2,22-04-2010,09-06-2010,08-06-2010
IVRCL Assets,IVRCLAH,1:2,14-04-2010,21-05-2010,20-05-2010
Srinivasa Hatch,,1:1,31-03-2010,22-05-2010,20-05-2010
Paisalo Digital,PAISALO,3:1,08-05-2010,19-05-2010,18-05-2010
Tilak Ventures,,4:1,29-03-2010,18-05-2010,10-05-2010
Guj NRE (DVR),GUJNREDVR,1:10,19-09-2009,07-05-2010,06-05-2010
EngineersInd,ENGINERSIN,2:1,23-03-2010,07-05-2010,06-05-2010
Guj NRE Coke,GUJNRECOKE,1:10,19-09-2009,07-05-2010,06-05-2010
Manappuram Fin,MANAPPURAM,1:1,18-03-2010,04-05-2010,03-05-2010
SJ Corporation,,3:1,26-09-2009,14-04-2010,12-04-2010
Castrol,CASTROLIND,1:1,18-02-2010,12-04-2010,09-04-2010
Cadila Health,CADILAHC,1:2,25-02-2010,06-04-2010,05-04-2010
Poly Medicure,POLYMED,1:1,09-02-2010,29-03-2010,26-03-2010
Empower India,,23:2,12-02-2010,25-03-2010,23-03-2010
Chromatic India,CHROMATIC,5:2,29-01-2010,23-03-2010,22-03-2010
Indo Asian Fin,,2:1,05-02-2010,19-03-2010,18-03-2010
IVRCL,IVRCLINFRA,1:1,28-01-2010,19-03-2010,18-03-2010
Suprajit Eng,SUPRAJIT,1:1,30-01-2010,20-03-2010,18-03-2010
Well Pack Paper,,3:4,23-01-2010,17-03-2010,15-03-2010
Pidilite Ind,PIDILITIND,1:1,28-01-2010,17-03-2010,15-03-2010
Hind Dorr-Olive,HINDDORROL,1:1,29-01-2010,17-03-2010,15-03-2010
Shree Renuka,RENUKA,1:1,25-01-2010,17-03-2010,15-03-2010
Chembond Chem,,1:1,30-01-2010,11-03-2010,10-03-2010
Sterlite Techno,STRTECH,1:1,18-01-2010,10-03-2010,09-03-2010
CG Power ,CGPOWER,3:4,28-01-2010,09-03-2010,08-03-2010
Sanraa Media,,5:4,12-01-2010,05-03-2010,04-03-2010
FCS Software,FCSSOFT,1:1,18-01-2010,02-03-2010,26-02-2010
Mountever Trade,,3:1,17-06-2009,12-02-2010,10-02-2010
Super Tannery,,1:2,31-07-2009,09-02-2010,08-02-2010
Diamant Infra,,3:1,24-12-2009,09-02-2010,08-02-2010
VST Tillers,VSTTILLERS,1:2,26-06-2009,09-02-2010,08-02-2010
Ashtavinayak,SHREEASHTA,4:1,26-12-2009,02-02-2010,01-02-2010
Newtime Infra,,2:1,03-12-2009,30-01-2010,28-01-2010
Nakoda,NAKODA,1:1,03-12-2009,25-01-2010,22-01-2010
DPSC,DPSCLTD,22:1,07-11-2011,16-12-2011,15-12-2011
Castex Tech,CASTEXTECH,1:1,12-10-2011,22-11-2011,21-11-2011
Kanpur Plast,,1:2,30-07-2011,17-11-2011,16-11-2011
JISL,JISLDVREQS,1:20,27-01-2011,09-11-2011,08-11-2011
Jain Irrigation,JISLJALEQS,1:20,27-01-2011,09-11-2011,08-11-2011
Anand Projects,,17:1,09-09-2011,01-11-2011,20-10-2011
Bhoruka Alum,,1:1,26-08-2011,14-10-2011,13-10-2011
Alankit,ALANKIT,4:1,30-08-2011,18-10-2011,10-10-2011
Monsanto India,MONSANTO,1:1,13-08-2011,08-10-2011,05-10-2011
Vaswani Ind,VASWANI,1:4,20-09-2011,03-10-2011,29-09-2011
Zodiac Clothing,ZODIACLOTH,1:2,10-08-2011,28-09-2011,27-09-2011
Jocil,JOCIL,1:1,06-08-2011,28-09-2011,27-09-2011
Entegra,ENTEGRA,4:13,11-08-2011,27-09-2011,26-09-2011
Nitin Fire Prot,NITINFIRE,5:2,11-08-2011,23-09-2011,22-09-2011
Cummins,CUMMINSIND,2:5,04-08-2011,21-09-2011,20-09-2011
Sowbhagya Media,,1:1,27-06-2011,21-09-2011,20-09-2011
India Nippon,INDNIPPON,2:5,08-08-2011,21-09-2011,20-09-2011
Mac Charles,,1:1,28-07-2011,15-09-2011,12-09-2011
Dhanus Tech,DHANUS,12:5,18-08-2011,30-08-2011,29-08-2011
Malabar Trading,,6:1,16-08-2011,25-08-2011,24-08-2011
Confidence Fin,,4:1,05-07-2011,29-08-2011,23-08-2011
Ashok Leyland,ASHOKLEY,1:1,15-06-2011,03-08-2011,02-08-2011
Bhuwalka Steel,BUWALKASTL,1:1,30-05-2011,22-07-2011,21-07-2011
Diamines Chem,,1:2,24-05-2011,-,19-07-2011
Cravatex,,1:1,24-05-2011,-,15-07-2011
Hemang Resource,,3:1,30-05-2011,15-07-2011,14-07-2011
Rajapalayam,RAJPALAYAM,1:1,28-05-2011,-,13-07-2011
Valuemart,,1:4,30-05-2011,-,13-07-2011
Hira Ferro,HIRAFERRO,4:1,23-05-2011,12-07-2011,11-07-2011
Black Rose Ind,,1:1,11-05-2011,-,30-06-2011
Titan Company,TITAN,1:1,29-04-2011,24-06-2011,23-06-2011
Manappuram Fin,MANAPPURAM,1:1,28-04-2011,10-06-2011,09-06-2011
CMC,CMC,1:1,18-04-2011,-,08-06-2011
BNK Capital,,1:4,17-04-2011,-,06-06-2011
Visagar Polytex,VIVIDHA,1:1,18-05-2011,28-05-2011,26-05-2011
Indus Finance,,1:1,21-10-2010,04-05-2011,03-05-2011
OnMobile Global,ONMOBILE,1:1,07-03-2011,04-05-2011,03-05-2011
Champion Finsec,,4:5,18-03-2011,11-05-2011,28-04-2011
Shakti Pumps,SHAKTIPUMP,1:1,11-03-2011,29-04-2011,28-04-2011
KSB Pumps,KSB,1:1,24-02-2011,19-04-2011,18-04-2011
ACIL Cotton Ind,,1:1,23-02-2011,19-04-2011,18-04-2011
Sanwaria Consum,SANWARIA,1:1,03-03-2011,08-04-2011,07-04-2011
SVC Resources,,1:3,31-01-2011,22-03-2011,21-03-2011
Shree Nath Comm,,1:1,24-01-2011,17-03-2011,16-03-2011
NALCO,NATIONALUM,1:1,31-01-2011,16-03-2011,15-03-2011
Minal Ind,,2:3,09-07-2010,12-03-2011,10-03-2011
Hind Zinc,HINDZINC,1:1,19-01-2011,08-03-2011,07-03-2011
Marsons,,1:4,15-01-2011,07-03-2011,04-03-2011
Bhandari Hosier,BHANDARI,7:20,15-01-2011,25-02-2011,24-02-2011
Hexaware Tech,HEXAWARE,1:1,11-01-2011,25-02-2011,24-02-2011
SREI Infra,SREINFRA,4:5,28-01-2010,11-02-2011,10-02-2011
ONGC,ONGC,1:1,16-12-2010,09-02-2011,08-02-2011
Aurum Soft,,1:2,23-12-2010,04-02-2011,03-02-2011
RR Finance,,1:1,26-11-2010,15-01-2011,13-01-2011
Tulsi Extrusion,TULSI,1:10,18-11-2010,10-01-2011,07-01-2011
MSR India,,5:1,09-11-2012,21-12-2012,20-12-2012
AGC Networks,AGCNET,1:1,30-10-2012,20-12-2012,19-12-2012
Pentokey Organy,,2:3,06-11-2012,14-12-2012,13-12-2012
Sundaram Fin,SUNDARMFIN,1:1,26-10-2012,14-12-2012,13-12-2012
Westlife Dev,WESTLIFE,1:1,21-09-2012,-,07-12-2012
Visagar Fin,,1:1,11-10-2012,05-12-2012,04-12-2012
Anukaran Commer,,8:10,16-10-2012,27-11-2012,26-11-2012
Anup Malleables,,5:2,11-10-2012,29-11-2012,20-11-2012
Olympic Oil Ind,,3:1,08-10-2012,20-11-2012,19-11-2012
North Eastern,NECCLTD,3:1,03-10-2012,16-11-2012,15-11-2012
DJS Stock,,1:2,04-09-2012,26-10-2012,23-10-2012
Anil Special,ASILIND,1:10,14-08-2012,18-10-2012,17-10-2012
Ganon Products ,,30:1,31-08-2012,16-10-2012,15-10-2012
Bilpower,BILPOWER,1:1,14-08-2012,-,04-10-2012
Motherson Sumi,MOTHERSUMI,1:2,09-08-2012,-,03-10-2012
Hester Bio,HESTERBIO,1:2,14-08-2012,-,27-09-2012
Acrysil India,,1:2,14-08-2012,28-09-2012,27-09-2012
Ind Motor Parts,IMPAL,1:1,26-07-2012,11-09-2012,10-09-2012
Castrol,CASTROLIND,1:1,16-07-2012,05-09-2012,04-09-2012
Setco Auto,SETCO,1:2,06-07-2012,-,14-08-2012
Lifeline Drugs,,4:1,31-05-2012,16-08-2012,07-08-2012
Mayur Uniquoter,MAYURUNIQ,1:1,22-06-2012,07-08-2012,06-08-2012
Surabhi Chemica,,9:1,22-06-2012,11-08-2012,30-07-2012
Steelcast,,1:1,05-06-2012,26-07-2012,25-07-2012
Asian Star,,1:2,28-05-2012,21-07-2012,19-07-2012
Golden Legend,,1:1,09-06-2012,18-07-2012,17-07-2012
Micro Tech,MICROTECH,1:1,23-05-2012,18-07-2012,17-07-2012
BPCL,BPCL,1:1,25-05-2012,-,13-07-2012
Jyothy Labs,JYOTHYLAB,1:1,23-05-2012,-,12-07-2012
Gabriel India,GABRIEL,1:1,30-05-2012,13-07-2012,12-07-2012
Fairchem Spec,FAIRCHEM,1:5,26-05-2012,-,12-07-2012
Hercules Hoists,HERCULES,1:1,29-05-2012,-,11-07-2012
Orbit Exports,ORBTEXP,1:2,28-05-2012,10-07-2012,09-07-2012
Atul Auto,ATULAUTO,1:2,14-05-2012,-,03-07-2012
Aarey Drugs,,1:5,18-05-2012,26-06-2012,25-06-2012
Info Edge,NAUKRI,1:1,03-05-2012,-,22-06-2012
8K Miles Soft,8KMILES,2:3,15-05-2012,25-06-2012,22-06-2012
Inventure Grow,INVENTURE,3:1,04-04-2012,23-05-2012,22-05-2012
Indoco Remedies,INDOCO,1:2,29-03-2012,19-05-2012,17-05-2012
Sundaram Multi,SUNDARAM,2:1,29-02-2012,16-04-2012,13-04-2012
Vakrangee,VAKRANGEE,1:1,23-02-2012,13-04-2012,12-04-2012
Shree Shaleen,,19:1,25-02-2012,14-04-2012,30-03-2012
Oil India,OIL,3:2,11-02-2012,31-03-2012,29-03-2012
Opto Circuits,OPTOCIRCUI,3:10,07-02-2012,31-03-2012,29-03-2012
Minda Corp,MINDACORP,1:1,10-02-2012,28-03-2012,27-03-2012
Hatsun Agro,HATSUN,1:2,13-02-2012,27-03-2012,26-03-2012
Birlasoft,BSOFT,1:1,23-01-2012,14-03-2012,13-03-2012
Maha ShreeUmaid,,2:1,30-12-2011,15-02-2012,14-02-2012
ILandFS,IVC,1:2,01-11-2013,-,26-12-2013
Motherson Sumi,MOTHERSUMI,1:2,01-11-2013,-,20-12-2013
Aditri Industri,,1:1,16-10-2013,29-11-2013,28-11-2013
Omaxe,OMAXE,10:39,30-10-2013,12-11-2013,11-11-2013
Aro Granite,AROGRANITE,1:2,18-09-2013,31-10-2013,30-10-2013
Precot Meridian,PRECOT,1:2,14-08-2013,04-10-2013,03-10-2013
BS Limited,BSLIMITED,1:1,09-08-2013,01-10-2013,30-09-2013
Alembic,ALEMBICLTD,1:1,09-08-2013,30-09-2013,27-09-2013
AVT Natural,AVTNPL,1:1,31-07-2013,-,26-09-2013
Rapicut Carbide,,3:2,27-07-2013,23-09-2013,20-09-2013
Ajanta Pharma,AJANTPHARM,1:2,29-07-2013,18-09-2013,17-09-2013
Indo Amines,,1:1,03-08-2013,17-09-2013,16-09-2013
Thejo Engg,THEJO,1:1,15-07-2013,12-09-2013,11-09-2013
Samruddhi Real,,1:5,23-07-2013,12-09-2013,11-09-2013
Veto Switch,VETO,1:10,29-07-2013,10-09-2013,06-09-2013
Container Corp,CONCOR,1:2,25-07-2013,10-09-2013,06-09-2013
Diamond Power,DIAPOWER,1:3,24-07-2013,27-08-2013,26-08-2013
Finkurve Fin,,6:1,03-07-2013,23-08-2013,22-08-2013
CCL Products,CCL,1:1,03-07-2013,20-08-2013,19-08-2013
Syncom Formula,,5:2,08-07-2013,20-08-2013,19-08-2013
TataTeleservice,TTML,2:15,20-06-2013,08-08-2013,07-08-2013
Kovalam Investm,,132:10,20-06-2013,07-08-2013,29-07-2013
Sun Pharma,SUNPHARMA,1:1,28-05-2013,30-07-2013,29-07-2013
Heritage Foods,HERITGFOOD,1:1,17-07-2013,29-07-2013,26-07-2013
Torrent Pharma,TORNTPHARM,1:1,30-05-2013,24-07-2013,23-07-2013
Shilpa,SHILPAMED,1:2,29-05-2013,-,16-07-2013
Larsen,LT,1:2,22-05-2013,13-07-2013,11-07-2013
Poly Medicure,POLYMED,1:1,13-05-2013,10-07-2013,09-07-2013
GP Petroleums,GULFPETRO,23:19,24-05-2013,10-07-2013,09-07-2013
PNB Gilts,PNBGILTS,1:3,23-05-2013,04-07-2013,03-07-2013
Centrum Capital,CENTRUM,5:1,15-05-2013,04-07-2013,03-07-2013
Ashoka Buildcon,ASHOKA,1:2,10-05-2013,04-07-2013,03-07-2013
Fairchem Spec,FAIRCHEM,1:10,20-05-2013,04-07-2013,03-07-2013
Sutlej Textiles,SUTLEJTEX,1:2,08-05-2013,28-06-2013,27-06-2013
Gloster,,1:1,10-05-2013,-,26-06-2013
Emami,EMAMILTD,1:2,06-05-2013,27-06-2013,26-06-2013
Ras Resorts,,1:5,10-04-2013,-,21-06-2013
Nitta Gelatin,KERALACHEM,1:3,03-05-2013,20-06-2013,19-06-2013
Transformers,TRIL,1:9,03-05-2013,14-06-2013,13-06-2013
Trans & Electr,,1:9,03-05-2013,14-06-2013,13-06-2013
Midland Polymer,,1:1,16-04-2013,11-06-2013,10-06-2013
Nacl Industries,NACLIND,3:14,27-04-2013,01-06-2013,30-05-2013
Magnanimous,,3:1,23-03-2013,04-06-2013,28-05-2013
Balmer Lawrie,BALMLAWRIE,3:4,26-03-2013,24-05-2013,23-05-2013
Emmsons Intl,,1:1,21-03-2013,09-05-2013,08-05-2013
VKS Projects,VKSPL,5:2,20-03-2013,06-05-2013,03-05-2013
ABans Enterpris,,1:1,14-03-2013,07-05-2013,26-04-2013
Ansal Housing,ANSALHSG,2:1,14-02-2013,12-04-2013,10-04-2013
Rasoya Protein,RASOYPR,2:1,11-02-2013,22-03-2013,21-03-2013
Warren Tea,WARRENTEA,7:10,30-01-2013,22-03-2013,21-03-2013
Medi-Caps,MEDICAPS,3:1,07-02-2013,20-03-2013,19-03-2013
Hasti Finance,,1:10,05-02-2013,14-03-2013,13-03-2013
Visesh Infotech,VISESHINFO,1:10,21-01-2013,08-03-2013,07-03-2013
Rollatainers,ROLLT,3:2,10-01-2013,28-02-2013,27-02-2013
Pradip Overseas,PRADIP,1:5,18-10-2012,13-02-2013,12-02-2013
Mishka Finance,,7:1,24-12-2012,06-02-2013,05-02-2013
Dhanleela,,4:1,21-12-2012,06-02-2013,05-02-2013
Kanani Ind,KANANIIND,1:10,24-01-2013,-,01-02-2013
Yantra Natural,,5:2,18-12-2012,28-01-2013,24-01-2013
Gammon Infra,GAMMNINFRA,1:34,17-12-2012,24-01-2013,23-01-2013
Simplex Trading,,9:1,11-11-2014,26-12-2014,24-12-2014
K K Fincorp,,3:1,27-10-2014,12-12-2014,11-12-2014
Infosys,INFY,1:1,10-10-2014,03-12-2014,02-12-2014
Global Infra,,1:10,04-08-2014,17-11-2014,14-11-2014
Nitin Fire Prot,NITINFIRE,1:3,30-09-2014,15-11-2014,13-11-2014
Vikas Ecotech,VIKASECO,3:2,17-09-2014,15-11-2014,13-11-2014
Esaar (India),,3:2,03-09-2014,22-10-2014,21-10-2014
Arnav Corp,,49:50,04-09-2014,20-10-2014,17-10-2014
NCL Research,,4:1,23-08-2014,17-10-2014,16-10-2014
The Byke Hosp,BYKE,1:1,13-08-2014,10-10-2014,09-10-2014
JBM Auto,JBMA,1:1,14-08-2014,09-10-2014,08-10-2014
Sudarshan Chem,SUDARSCHEM,1:1,09-08-2014,01-10-2014,30-09-2014
Jupiter Infomed,,1:1,18-08-2014,30-09-2014,29-09-2014
Lypsa Gems,LYPSAGEMS,1:2,11-08-2014,30-09-2014,29-09-2014
Narmada Gelatin,SHAWGELTIN,1:2,06-08-2014,-,26-09-2014
Transcorp Intl,,1:4,19-07-2014,-,25-09-2014
Samruddhi Real,,1:5,30-07-2014,19-09-2014,18-09-2014
Parshwanath,,1:5,06-05-2013,-,18-09-2014
Shilpi Cable,SHILPI,1:1,02-08-2014,17-09-2014,16-09-2014
JMT Auto,JMTAUTOLTD,5:2,10-06-2014,31-07-2014,30-07-2014
Lakhotia Poly,,18:10,13-06-2014,28-07-2014,25-07-2014
Captain Poly,,1:5,30-05-2014,26-07-2014,24-07-2014
Sangam Renewabl,,57:100,28-05-2014,22-07-2014,21-07-2014
Kavita Fabrics,,2:1,27-05-2014,21-07-2014,18-07-2014
Shrenuj and Co,SHRENUJ,1:1,23-05-2014,-,15-07-2014
Fairchem Spec,FAIRCHEM,1:10,19-05-2014,10-07-2014,09-07-2014
LG Balakrishnan,LGBBROSLTD,1:1,15-05-2014,-,04-07-2014
Deepak Nitrite,DEEPAKNTR,1:1,02-05-2014,23-06-2014,20-06-2014
GRUH Finance,GRUH,1:1,11-04-2014,10-06-2014,09-06-2014
Mindtree,MINDTREE,1:1,16-04-2014,04-06-2014,03-06-2014
SRG Housing Fin,,2:5,15-04-2014,30-05-2014,29-05-2014
GM Breweries,GMBREW,1:4,03-04-2014,-,16-05-2014
Kothari Product,KOTHARIPRO,2:1,11-02-2014,02-04-2014,28-03-2014
Mayur Uniquoter,MAYURUNIQ,1:1,12-02-2014,02-04-2014,28-03-2014
Raj Television,RAJTV,1:1,28-01-2014,26-03-2014,25-03-2014
PMC Fincorp,,8:10,27-01-2014,15-03-2014,13-03-2014
Sharon Bio Medi,SHARONBIO,1:1,14-01-2014,21-02-2014,20-02-2014
Mohota Ind,MOHOTAIND,2:1,18-12-2013,07-02-2014,06-02-2014
Veronica Prod,,2:1,02-12-2013,27-01-2014,24-01-2014
Allcargo,ALLCARGO,1:1,06-11-2015,31-12-2015,30-12-2015
Marico,MARICO,1:1,04-11-2015,24-12-2015,22-12-2015
Marathon Realty,MARATHON,1:2,03-11-2015,22-12-2015,21-12-2015
Venkys,VENKEYS,1:2,14-09-2015,22-12-2015,21-12-2015
eClerx Services,ECLERX,1:3,02-11-2015,18-12-2015,17-12-2015
Mangal Credit,,5:1,05-11-2015,19-12-2015,17-12-2015
Fairdeal Fila,,1:10,13-08-2015,31-10-2015,29-10-2015
Looks Health,,3:4,13-10-2015,30-10-2015,29-10-2015
Kavit Ind,,1:3,31-08-2015,26-10-2015,23-10-2015
Ruby Mills,RUBYMILLS,1:1,31-08-2015,24-10-2015,21-10-2015
Dhabriya Poly,,1:4,01-09-2015,23-10-2015,21-10-2015
Tiger Logistics,,3:2,01-09-2015,16-10-2015,15-10-2015
Vinaditya Trad,,47:1,07-09-2015,16-10-2015,15-10-2015
Shivam Auto,SHIVAMAUTO,1:1,18-05-2015,10-10-2015,08-10-2015
Amines Plast,,1:1,27-08-2015,09-10-2015,08-10-2015
Captain Poly,,1:8,17-08-2015,10-10-2015,08-10-2015
Pincon Spirit,PINCON,1:1,26-08-2015,10-10-2015,08-10-2015
Alpine Hsg,ALPINEHOU,1:1,11-08-2015,-,06-10-2015
Coastal Corp,,1:1,20-07-2015,-,29-09-2015
Divis Labs,DIVISLAB,1:1,08-08-2015,26-09-2015,23-09-2015
Apcotex Ind,APCOTEXIND,1:1,31-07-2015,24-09-2015,23-09-2015
Colgate,COLPAL,1:1,30-07-2015,24-09-2015,23-09-2015
Bharat Elec,BEL,2:1,24-07-2015,15-09-2015,14-09-2015
Dewan Housing,DHFL,1:1,23-07-2015,10-09-2015,09-09-2015
Elpro Int,ELPROINTL,2:1,28-05-2015,-,08-09-2015
Damodar Ind,DAMODARIND,1:4,27-05-2015,03-09-2015,02-09-2015
PMC Fincorp,,1:1,09-07-2015,01-09-2015,31-08-2015
Tea Time Ltd,,93:200,17-07-2015,08-09-2015,28-08-2015
Anuh Pharma,,2:1,12-06-2015,06-08-2015,05-08-2015
MBL Infra,MBLINFRA,1:1,25-05-2015,29-07-2015,28-07-2015
Motherson Sumi,MOTHERSUMI,1:2,10-06-2015,-,23-07-2015
Aurobindo Pharm,AUROPHARMA,1:1,28-05-2015,21-07-2015,20-07-2015
Maithan Alloys,MAITHANALL,1:1,26-05-2015,16-07-2015,15-07-2015
Federal Bank,FEDERALBNK,1:1,16-05-2015,09-07-2015,08-07-2015
Kotak Mahindra,KOTAKBANK,1:1,05-05-2015,09-07-2015,08-07-2015
Manvijay Dev,,1:1,01-06-2015,09-07-2015,08-07-2015
Relaxo Footwear,RELAXO,1:1,11-05-2015,02-07-2015,01-07-2015
SRS,SRSLTD,1:1,11-05-2015,26-06-2015,25-06-2015
Lancor Holdings,,1:1,07-05-2015,25-06-2015,24-06-2015
C Mahendra Expo,CMAHENDRA,1:1,28-04-2015,19-06-2015,18-06-2015
Infosys,INFY,1:1,24-04-2015,-,15-06-2015
Visagar Polytex,VIVIDHA,10:1,06-04-2015,30-05-2015,28-05-2015
Compuage Info,COMPINFO,3:5,28-03-2015,27-05-2015,26-05-2015
Chankya Investm,,3:1,19-03-2015,06-05-2015,05-05-2015
Insecticides,INSECTICID,1:2,30-10-2014,17-04-2015,16-04-2015
Piccadilly Agro,,1:1,16-02-2015,07-04-2015,06-04-2015
Va Tech Wabag,WABAG,1:1,07-02-2015,27-03-2015,26-03-2015
VHCL Industries,,3:1,18-02-2015,27-03-2015,26-03-2015
Aarti Drugs,AARTIDRUGS,1:1,30-01-2015,25-03-2015,24-03-2015
Tech Mahindra,TECHM,1:1,30-01-2015,20-03-2015,19-03-2015
HCL Tech,HCLTECH,1:1,30-01-2015,20-03-2015,19-03-2015
Mohota Ind,MOHOTAIND,1:6,05-02-2015,17-03-2015,16-03-2015
Aarya Global,,3:4,23-08-2014,12-03-2015,11-03-2015
Persistent,PERSISTENT,1:1,24-01-2015,11-03-2015,10-03-2015
SVP Global,,9:1,20-01-2015,05-03-2015,04-03-2015
Fineotex Chem,FCL,1:1,15-12-2014,13-02-2015,12-02-2015
Trilogic Digi,,1:1,29-05-2014,12-02-2015,11-02-2015
Delton Cables,,2:1,12-12-2014,27-01-2015,23-01-2015
SRS Real Infra,,1:1,18-11-2014,14-01-2015,13-01-2015
Minda Corp,MINDACORP,1:1,14-11-2014,06-01-2015,05-01-2015
Godrej Ind,GODREJIND,1:1250,07-02-2014,06-01-2015,05-01-2015
JMD Ventures,,1:1,24-11-2014,02-01-2015,01-01-2015
EngineersInd,ENGINERSIN,1:1,16-11-2016,02-01-2017,30-12-2016
Balmer Lawrie,BALMLAWRIE,3:1,26-10-2016,27-12-2016,26-12-2016
ONGC,ONGC,1:2,27-10-2016,16-12-2016,15-12-2016
Vishal Bearing,,1:4,15-10-2016,16-12-2016,15-12-2016
Indian Hume,INDIANHUME,1:1,26-10-2016,13-12-2016,09-12-2016
Sunil HitechEng,SUNILHITEC,1:1,13-10-2016,03-12-2016,01-12-2016
High Ground Ent,HIGHGROUND,1:10,16-08-2016,25-10-2016,24-10-2016
Modex Intl Sec,,1:1,10-08-2016,21-10-2016,20-10-2016
Alankit,ALANKIT,1:1,26-08-2016,20-10-2016,19-10-2016
IOC,IOC,1:1,29-08-2016,19-10-2016,18-10-2016
Chaman Lal Seti,,1:10,29-08-2016,17-10-2016,14-10-2016
Piccadilly Agro,,1:1,03-09-2016,13-10-2016,10-10-2016
8K Miles Soft,8KMILES,1:3,24-08-2016,13-10-2016,10-10-2016
Starlit Power,,1:4,05-09-2016,07-10-2016,06-10-2016
Diamond Info,,2:1,10-08-2016,05-10-2016,04-10-2016
Assoc Stone,ASOCSTONE,1:4,06-08-2016,30-09-2016,29-09-2016
REC,RECLTD,1:1,11-08-2016,29-09-2016,28-09-2016
Arnold Holdings,,5:1,12-08-2016,28-09-2016,27-09-2016
Viaan Ind,,2:1,12-08-2016,-,27-09-2016
Kanpur Plast,,1:2,29-07-2016,26-09-2016,23-09-2016
HPCL,HINDPETRO,2:1,20-07-2016,15-09-2016,14-09-2016
Atishay,,1:4,03-09-2016,15-09-2016,14-09-2016
Symphony,SYMPHONY,1:1,26-07-2016,15-09-2016,14-09-2016
Wim Plast,WIMPLAST,1:1,03-08-2016,09-09-2016,08-09-2016
Bajaj Finance,BAJFINANCE,1:1,26-07-2016,10-09-2016,08-09-2016
Ultracab India,,1:2,11-07-2016,09-09-2016,08-09-2016
Nava Bharat Ven,NBVENTURES,1:1,22-07-2016,03-09-2016,01-09-2016
Menon Bearings,MENONBE,1:5,14-07-2016,31-08-2016,30-08-2016
Oasis Tradelink,,1:3,15-07-2016,31-08-2016,30-08-2016
Power Finance,PFC,1:1,14-07-2016,29-08-2016,26-08-2016
Kesar Terminals,KTIL,1:25,24-06-2016,13-08-2016,11-08-2016
Sanco Ind,SANCO,1:5,30-06-2016,11-08-2016,10-08-2016
Hisar Metal,HISARMETAL,1:2,24-06-2016,10-08-2016,09-08-2016
Amba Enterprise,,1:5,30-05-2016,09-08-2016,08-08-2016
Oceanaa Biotek,,7:10,30-05-2016,30-07-2016,28-07-2016
Frontier Cap,,1:3,30-05-2016,29-07-2016,28-07-2016
Jiya Eco,JIYAECO,1:5,16-06-2016,28-07-2016,27-07-2016
Ind & Prud Invt,,2:1,30-05-2016,20-07-2016,19-07-2016
Berger Paints,BERGEPAINT,2:5,30-05-2016,18-07-2016,15-07-2016
Grindwell Norto,GRINDWELL,1:1,30-05-2016,15-07-2016,14-07-2016
Ganesh Housing,GANESHHOUC,1:2,30-05-2016,15-07-2016,14-07-2016
Hatsun Agro,HATSUN,2:5,27-05-2016,14-07-2016,13-07-2016
BPCL,BPCL,1:1,26-05-2016,14-07-2016,13-07-2016
ITC,ITC,1:2,20-05-2016,04-07-2016,01-07-2016
Pincon Spirit,PINCON,1:1,28-04-2016,25-06-2016,23-06-2016
Suyog Tele,,1:5,18-04-2016,14-06-2016,13-06-2016
GM Breweries,GMBREW,1:4,05-04-2016,31-05-2016,30-05-2016
Gloster,,1:1,29-03-2016,23-05-2016,20-05-2016
Ambition Mica,,1:1,19-02-2016,12-05-2016,11-05-2016
Dishman Pharma,DPC02,1:1,25-02-2016,03-05-2016,02-05-2016
Filtra Consult,,3:2,22-02-2016,08-04-2016,06-04-2016
Visagar Polytex,VIVIDHA,1:3,10-02-2016,02-04-2016,30-03-2016
Atharv Ent,,1:1,10-02-2016,19-03-2016,17-03-2016
Tide Water Oil,TIDEWATER,1:1,28-01-2016,17-03-2016,16-03-2016
Rama Steel Tube,RAMASTEEL,4:1,27-01-2016,15-03-2016,14-03-2016
Ideal Texbuild,,2:5,29-01-2016,12-03-2016,10-03-2016
Assoc Alcohol,ASOCALCHOL,1:1,22-01-2016,11-03-2016,10-03-2016
Mindtree,MINDTREE,1:1,18-01-2016,10-03-2016,09-03-2016
ABans Enterpris,,7:1,07-01-2016,04-03-2016,03-03-2016
Vegetable Prod,,9:5,26-08-2015,22-02-2016,18-02-2016
Control Print,CONTROLPR,1:2,17-11-2015,12-01-2016,11-01-2016
Kothari Product,KOTHARIPRO,1:2,10-11-2015,06-01-2016,05-01-2016
M&M,M&M,1:1,10-11-2017,23-12-2017,21-12-2017
Castrol,CASTROLIND,1:1,07-11-2017,23-12-2017,21-12-2017
Vakrangee,VAKRANGEE,1:1,13-11-2017,23-12-2017,21-12-2017
Balkrishna Ind,BALKRISIND,1:1,08-11-2017,23-12-2017,21-12-2017
Sri Krishna Con,,1:10,30-08-2017,07-12-2017,06-12-2017
Money Masters,,1:4,27-09-2017,14-11-2017,13-11-2017
Gala Global Prd,,1:20,12-06-2017,13-11-2017,10-11-2017
Infinite Comp,INFINITE,1:26,14-09-2017,02-11-2017,01-11-2017
Arfin India,,2:1,10-09-2017,02-11-2017,01-11-2017
BAMPSL Sec,,3:20,22-08-2017,27-10-2017,26-10-2017
Autoriders Intl,,1:1,14-08-2017,31-10-2017,19-10-2017
Shaival Reality,SHAIVAL,5:1,05-09-2017,18-10-2017,17-10-2017
Kallam Spinning,,1:4,26-08-2017,13-10-2017,12-10-2017
Talbros Eng,,1:1,17-08-2017,14-10-2017,12-10-2017
Alexander Stamp,,1:5,14-08-2017,12-10-2017,11-10-2017
Kwality Pharmac,,1:1,05-09-2017,12-10-2017,11-10-2017
Majestic Resear,,1:1,29-08-2017,11-10-2017,10-10-2017
Shivalik Bimeta,,1:1,23-08-2017,06-10-2017,05-10-2017
Panama Petro,PANAMAPET,1:2,14-08-2017,04-10-2017,03-10-2017
Bharat Forge,BHARATFORG,1:1,10-08-2017,30-09-2017,28-09-2017
BHEL,BHEL,1:2,10-08-2017,30-09-2017,28-09-2017
Bharat Elec,BEL,1:10,10-08-2017,29-09-2017,28-09-2017
Loyal Equip,,1:2,01-08-2017,28-09-2017,27-09-2017
MOIL,MOIL,1:1,10-08-2017,28-09-2017,27-09-2017
Manpasand Bever,MANPASAND,1:1,10-08-2017,28-09-2017,27-09-2017
Tata Elxsi,TATAELXSI,1:1,27-07-2017,19-09-2017,18-09-2017
Reliance,RELIANCE,1:1,21-07-2017,09-09-2017,07-09-2017
Mangalam Seeds,,1:1,30-05-2017,31-08-2017,30-08-2017
Rajputana Inves,,9:5,24-06-2017,29-08-2017,28-08-2017
Kanco Tea,,2:1,03-07-2017,23-08-2017,22-08-2017
Ceinsys Tech,,1:10,30-06-2017,11-08-2017,10-08-2017
Viji Finance,VIJIFIN,1:10,10-06-2017,07-08-2017,04-08-2017
Jayant Agro-Org,JAYAGROGN,1:1,16-06-2017,02-08-2017,01-08-2017
GPT Infra,GPTINFRA,1:1,23-05-2017,-,13-07-2017
BPCL,BPCL,1:2,30-05-2017,15-07-2017,13-07-2017
Larsen,LT,1:2,29-05-2017,14-07-2017,13-07-2017
City Union Bank,CUB,1:10,29-05-2017,15-07-2017,13-07-2017
Lypsa Gems,LYPSAGEMS,2:5,25-05-2017,13-07-2017,12-07-2017
Munjal Auto Ind,MUNJALAU,1:1,22-05-2017,12-07-2017,11-07-2017
HPCL,HINDPETRO,1:2,26-05-2017,12-07-2017,11-07-2017
Maan Aluminium,MAANALU,1:1,26-05-2017,11-07-2017,10-07-2017
Mahindra Holida,MHRIL,1:2,19-05-2017,11-07-2017,10-07-2017
Shantai Industr,,2:1,05-05-2017,10-07-2017,07-07-2017
PC Jeweller,PCJEWELLER,1:1,25-05-2017,07-07-2017,06-07-2017
Motherson Sumi,MOTHERSUMI,1:2,19-05-2017,-,05-07-2017
Petronet LNG,PETRONET,1:1,09-05-2017,04-07-2017,03-07-2017
Plastiblends,PLASTIBLEN,1:1,11-05-2017,04-07-2017,03-07-2017
Sanwaria Consum,SANWARIA,1:1,22-05-2017,04-07-2017,03-07-2017
Godrej Consumer,GODREJCP,1:1,09-05-2017,24-06-2017,22-06-2017
Kitex Garments,KITEX,2:5,28-04-2017,23-06-2017,22-06-2017
ICICI Bank,ICICIBANK,1:10,03-05-2017,-,20-06-2017
Thacker,,32:21,06-05-2017,19-06-2017,16-06-2017
Biocon,BIOCON,2:1,27-04-2017,17-06-2017,15-06-2017
Wipro,WIPRO,1:1,25-04-2017,14-06-2017,13-06-2017
Muthoot Cap,MUTHOOTCAP,1:10,18-04-2017,13-06-2017,12-06-2017
Hind Composites,HINDCOMPOS,1:2,10-04-2017,26-05-2017,25-05-2017
Beardsell,BEARDSELL,1:5,15-03-2017,05-05-2017,04-05-2017
Ram Minerals,,4:1,14-02-2017,19-04-2017,18-04-2017
Container Corp,CONCOR,1:4,13-02-2017,06-04-2017,05-04-2017
Ashari Agencies,,4:1,20-02-2017,03-04-2017,31-03-2017
Poly Medicure,POLYMED,1:1,06-02-2017,28-03-2017,24-03-2017
Kushal,,1:1,20-01-2017,17-03-2017,16-03-2017
K.P. Energy ,,2:1,28-01-2017,16-03-2017,15-03-2017
V-Guard Ind,VGUARD,2:5,30-01-2017,16-03-2017,15-03-2017
ABM Inter,ABMINTLTD,5:1,23-01-2017,16-03-2017,15-03-2017
Colorchips New ,,1:1,20-02-2017,14-03-2017,10-03-2017
GAIL,GAIL,1:3,25-01-2017,11-03-2017,09-03-2017
Tejnaksh,,1:1,18-01-2017,09-03-2017,08-03-2017
Akme Star,,1:1,20-01-2017,08-03-2017,07-03-2017
NBCC (India),NBCC,1:2,04-01-2017,21-02-2017,17-02-2017
Ishan Dyes,,1:2,29-12-2016,15-02-2017,14-02-2017
Orbit Exports,ORBTEXP,1:1,26-12-2016,15-02-2017,14-02-2017
Ambition Mica,,1:2,21-12-2016,06-02-2017,03-02-2017
Fourth Dimensio,FOURTHDIM,1:1,12-12-2016,03-02-2017,02-02-2017
Nutraplus India,,1:10,22-08-2016,20-01-2017,19-01-2017
Oil India,OIL,1:3,28-11-2016,13-01-2017,12-01-2017
Stampede Cap,STAMPEDE,1:4,01-09-2016,11-01-2017,10-01-2017
Advance Syntex ,,3:20,15-11-2016,05-01-2017,04-01-2017
ORIENTAL AROMAT,OAL,1:1,26-10-2018,14-12-2018,13-12-2018
Acewin Agriteck,,6:10,17-09-2018,01-12-2018,29-11-2018
Jiya Eco,JIYAECO,1:1,10-10-2018,21-11-2018,19-11-2018
Arfin India,,1:5,24-09-2018,14-11-2018,13-11-2018
Motherson Sumi,MOTHERSUMI,1:2,07-09-2018,31-10-2018,30-10-2018
Duke Offshore,,1:1,31-08-2018,29-10-2018,26-10-2018
CES Limited,,27:1,04-09-2018,23-10-2018,22-10-2018
Shashijit Infra,,1:5,01-09-2018,15-10-2018,12-10-2018
Cupid,CUPID,1:5,24-08-2018,12-10-2018,11-10-2018
Suncare Trader,,1:1,30-08-2018,12-10-2018,11-10-2018
Alpine Hsg,ALPINEHOU,1:3,01-09-2018,12-10-2018,11-10-2018
Zenlabs Ethica,,1:20,25-08-2018,13-10-2018,11-10-2018
Magellanic,,4:1,25-08-2018,10-10-2018,09-10-2018
Bhatia Communic,,1:1,16-08-2018,09-10-2018,08-10-2018
Beekay Niryat,,1:1,07-08-2018,09-10-2018,08-10-2018
Zeal Aqua ,,2:1,16-08-2018,05-10-2018,04-10-2018
ZIM Laboratorie,,1:1,14-08-2018,06-10-2018,04-10-2018
Filtra Consult,,1:5,23-08-2018,06-10-2018,04-10-2018
Alexander Stamp,,1:5,21-08-2018,28-09-2018,27-09-2018
Igarashi Motors,IGARASHI,25:202,08-08-2018,28-09-2018,27-09-2018
Emkay Taps,EMKAYTOOLS,5:1,18-08-2018,25-09-2018,24-09-2018
Libas Designs,LIBAS,1:2,28-07-2018,24-09-2018,21-09-2018
Darshan Orna,,11:10,07-08-2018,21-09-2018,19-09-2018
Mehai Technolog,,1:1,13-08-2018,19-09-2018,18-09-2018
7NR Retail,,1:2,10-08-2018,18-09-2018,17-09-2018
Jet Infra,,1:1,30-07-2018,17-09-2018,14-09-2018
Jet Freight Log,JETFREIGHT,1:1,03-08-2018,14-09-2018,12-09-2018
Yuken India,YUKENINDIA,3:1,08-08-2018,14-09-2018,12-09-2018
Godrej Consumer,GODREJCP,1:2,30-07-2018,14-09-2018,12-09-2018
GlaxoSmithKline,GLAXO,1:1,24-07-2018,13-09-2018,11-09-2018
Madhav Copper,MCL,2:1,04-08-2018,06-09-2018,05-09-2018
Infosys,INFY,1:1,13-07-2018,05-09-2018,04-09-2018
Cheviot Company,,1:2,10-07-2018,30-08-2018,29-08-2018
Karur Vysya,KARURVYSYA,1:10,25-06-2018,18-08-2018,14-08-2018
Wheels,WHEELS,1:1,22-06-2018,09-08-2018,08-08-2018
DIL,,1:1,18-06-2018,09-08-2018,08-08-2018
Sumeet Ind,SUMEETINDS,1:4,22-06-2018,04-08-2018,02-08-2018
Borosil Glass,BOROSIL,3:1,18-06-2018,03-08-2018,02-08-2018
MM Forgings,MMFL,1:1,28-05-2018,19-07-2018,18-07-2018
General Insuran,GICRE,1:1,25-05-2018,14-07-2018,12-07-2018
Ashoka Buildcon,ASHOKA,1:2,29-05-2018,13-07-2018,12-07-2018
Minda Ind,MINDAIND,2:1,22-05-2018,12-07-2018,11-07-2018
City Union Bank,CUB,1:10,24-05-2018,11-07-2018,10-07-2018
Srestha Finvest,,1:10,11-05-2018,09-07-2018,06-07-2018
Jyothy Labs,JYOTHYLAB,1:1,16-05-2018,30-06-2018,28-06-2018
Prabhat Telecom,,1:5,21-05-2018,30-06-2018,28-06-2018
New India Assur,NIACL,1:1,11-05-2018,28-06-2018,27-06-2018
Avanti Feeds,AVANTIFEED,1:2,09-05-2018,27-06-2018,26-06-2018
Hikal,HIKAL,1:2,09-05-2018,25-06-2018,22-06-2018
Emami,EMAMILTD,1:1,03-05-2018,22-06-2018,21-06-2018
Jubilant Food,JUBLFOOD,1:1,08-05-2018,23-06-2018,21-06-2018
Umiya Tubes,,1:3,02-05-2018,21-06-2018,20-06-2018
Essel Propack,ESSELPACK,1:1,26-04-2018,21-06-2018,20-06-2018
Transcorp Intl,,1:4,07-05-2018,20-06-2018,19-06-2018
LG Balakrishnan,LGBBROSLTD,1:1,28-04-2018,16-06-2018,14-06-2018
GRUH Finance,GRUH,1:1,14-04-2018,07-06-2018,06-06-2018
TCS,TCS,1:1,19-04-2018,02-06-2018,31-05-2018
Coastal Corp,,3:1,07-04-2018,24-05-2018,23-05-2018
GM Breweries,GMBREW,1:4,05-04-2018,22-05-2018,21-05-2018
United Drilling,,1:1,19-03-2018,12-05-2018,10-05-2018
Gala Global Prd,,1:20,19-03-2018,12-05-2018,10-05-2018
Raghav Producti,,2:5,30-03-2018,09-05-2018,08-05-2018
MMTC Ltd,MMTC,1:2,19-03-2018,04-05-2018,03-05-2018
Tejnaksh,,36:10,12-03-2018,28-04-2018,26-04-2018
K.P. Energy ,,3:10,16-03-2018,01-05-2018,26-04-2018
A Infra.,,1:1,10-03-2018,23-04-2018,20-04-2018
Shivalik Rasa,,1:4,05-03-2018,20-04-2018,19-04-2018
Hanman Fit,,1:20,09-02-2018,11-04-2018,10-04-2018
GAIL,GAIL,1:3,12-02-2018,29-03-2018,27-03-2018
Oil India,OIL,1:2,09-02-2018,29-03-2018,27-03-2018
Kellton Tech,KELLTONTEC,1:1,06-02-2018,29-03-2018,27-03-2018
Citadel Realty,,1:1,02-02-2018,27-03-2018,26-03-2018
La Opala RG,LAOPALA,1:1,05-02-2018,23-03-2018,22-03-2018
Jash Dealmark,,1:1,06-02-2018,17-03-2018,15-03-2018
IOC,IOC,1:1,30-01-2018,17-03-2018,15-03-2018
Yash Chemex,,3:2,27-01-2018,15-03-2018,14-03-2018
Garnet Intl,,2:1,24-01-2018,07-03-2018,06-03-2018
Excel Realty,EXCEL,2:1,30-11-2017,24-01-2018,23-01-2018
Fiberweb India,,1:1,05-12-2017,18-01-2018,17-01-2018
Bil Energy,BILENERGY,1:1,14-11-2017,13-01-2018,11-01-2018
VKJ Infra,,1:3,20-11-2017,13-01-2018,11-01-2018
Dhanuka Realty,DRL,1:1,27-11-2017,10-01-2018,09-01-2018
Lancer Containe,,3:5,24-11-2017,04-01-2018,03-01-2018
Ind Motor Parts,IMPAL,1:2,10-09-2019,29-10-2019,25-10-2019
Madhav Copper,MCL,1:1,30-08-2019,23-10-2019,22-10-2019
Bombay Super,BSHSL,1:5,02-09-2019,23-10-2019,22-10-2019
Shanti Overseas,SHANTI,1:2,03-09-2019,23-10-2019,22-10-2019
Vaishali Pharma,VAISHALI,3:5,26-08-2019,18-10-2019,17-10-2019
Shreeji Translo,,2:1,27-08-2019,15-10-2019,14-10-2019
Milton Industri,MILTON,1:10,04-09-2019,15-10-2019,14-10-2019
Jonjua Overseas,,1:25,04-09-2019,11-10-2019,10-10-2019
Bhakti Gems,,15:100,26-08-2019,07-10-2019,04-10-2019
Tirupati Forge,TIRUPATIFL,6:10,20-08-2019,04-10-2019,03-10-2019
Reliable Data S,RELIABLE,1:5,13-08-2019,05-10-2019,03-10-2019
Nitiraj Enginee,NITIRAJ,1:4,02-08-2019,01-10-2019,30-09-2019
Radix Ind,,1:2,13-08-2019,01-10-2019,30-09-2019
Aarti Ind,AARTIIND,1:1,13-08-2019,30-09-2019,27-09-2019
Modex Intl Sec,,1:1,19-08-2019,-,26-09-2019
Supershakti Met,,1:1,23-08-2019,28-09-2019,26-09-2019
Pulz Electronic,PULZ,1:1,24-07-2019,27-09-2019,26-09-2019
A & M Febcon,,2:5,10-08-2019,21-09-2019,19-09-2019
Ador Fontech,,1:1,01-08-2019,21-09-2019,19-09-2019
Astral Poly Tec,ASTRAL,1:4,02-08-2019,17-09-2019,16-09-2019
Rajratan Global,,4:3,22-07-2019,12-09-2019,11-09-2019
Aaron Industrie,AARON,1:10,12-07-2019,31-08-2019,29-08-2019
Brigade Ent,BRIGADE,1:2,15-07-2019,29-08-2019,28-08-2019
Eco Recycling,,1:10,13-07-2019,23-08-2019,22-08-2019
Britannia,BRITANNIA,1:1,06-08-2018,23-08-2019,22-08-2019
Touchwood Enter,TOUCHWOOD,2:1,11-07-2019,24-08-2019,22-08-2019
Swelect Energy,SWELECTES,1:2,08-07-2019,23-08-2019,22-08-2019
Bombay Cycle,,1:1,22-06-2019,14-08-2019,13-08-2019
RITES,RITES,1:4,24-06-2019,11-08-2019,08-08-2019
Varun Beverages,VBL,1:2,17-06-2019,27-07-2019,25-07-2019
Zota Health Car,ZOTA,4:10,10-06-2019,26-07-2019,25-07-2019
Focus Lighting ,FOCUS,2:1,29-05-2019,23-07-2019,22-07-2019
Captain Technoc,,1:1,27-05-2019,23-07-2019,22-07-2019
Panache Digilif,PANACHE,1:1,05-06-2019,19-07-2019,18-07-2019
Bhageria Indu,BHAGERIA,1:1,30-05-2019,18-07-2019,17-07-2019
Sumit Woods,SUMIT,1:1,23-05-2019,17-07-2019,16-07-2019
Prithvi Exc,PRITHVISOF,1:2,27-05-2019,12-07-2019,11-07-2019
Sirca Paints,SIRCA,1:2,25-05-2019,10-07-2019,09-07-2019
GAIL,GAIL,1:1,27-05-2019,10-07-2019,09-07-2019
UPL,UPL,1:2,17-05-2019,03-07-2019,02-07-2019
A and M Jumbo B,AMJUMBO,3:1,14-05-2019,02-07-2019,01-07-2019
Avadh Sugar ,AVADHSUGAR,1:1,13-05-2019,30-06-2019,27-06-2019
Oceanic Foods,,2:1,06-05-2019,28-06-2019,27-06-2019
Magadh Sugar ,MAGADSUGAR,4:10,14-05-2019,30-06-2019,27-06-2019
G G Engineering,,2:3,16-05-2019,29-06-2019,27-06-2019
Relaxo Footwear,RELAXO,1:1,10-05-2019,27-06-2019,26-06-2019
Creative Periph,CREATIVE,1:1,07-05-2019,26-06-2019,25-06-2019
BSL,,4:5,21-05-2019,25-06-2019,24-06-2019
Mittal Life Sty,MITTAL,2:3,14-05-2019,21-06-2019,20-06-2019
Biocon,BIOCON,1:1,25-04-2019,13-06-2019,12-06-2019
Syngene Intl,SYNGENE,1:1,24-04-2019,12-06-2019,11-06-2019
Vitesse Agro Li,,1:1,20-03-2019,31-05-2019,30-05-2019
TTK Prestige,TTKPRESTIG,1:5,29-03-2019,16-05-2019,15-05-2019
Kapashi Com,,3:2,14-03-2019,15-05-2019,14-05-2019
Nandani Creatio,NANDANI,3:2,18-03-2019,02-05-2019,30-04-2019
Foods and Inns,,2:1,11-03-2019,02-05-2019,30-04-2019
One Point One S,ONEPOINT,1:2,11-03-2019,25-04-2019,24-04-2019
Indo US Bio-Tec,,1:4,07-03-2019,24-04-2019,23-04-2019
Airan,AIRAN,1:1,06-03-2019,23-04-2019,22-04-2019
Bajaj Healthcar,,1:1,19-02-2019,10-04-2019,09-04-2019
South West Pinn,SOUTHWEST,1:1,22-02-2019,06-04-2019,04-04-2019
Inflame Applian,,1:2,09-02-2019,30-03-2019,28-03-2019
Sukhjit Starch,,1:1,06-02-2019,28-03-2019,27-03-2019
NTPC,NTPC,1:5,30-01-2019,20-03-2019,19-03-2019
Akash Infraproj,AKASH,1:1,31-01-2019,08-03-2019,07-03-2019
Wipro,WIPRO,1:3,18-01-2019,07-03-2019,06-03-2019
Vishal Bearing,,4:5,31-01-2019,04-03-2019,28-02-2019
Maximus Interna,,1:1,16-01-2019,27-02-2019,26-02-2019
The Indian Wood,,1:1,02-01-2019,19-02-2019,15-02-2019
White Organic,,1:1,17-12-2018,07-02-2019,06-02-2019
Container Corp,CONCOR,1:4,20-12-2018,05-02-2019,04-02-2019
Riddhi Corp,,25:10,29-11-2018,22-01-2019,21-01-2019
